/*
SQLyog Enterprise - MySQL GUI v7.02 
MySQL - 5.5.5-10.1.13-MariaDB : Database - e_learning
*********************************************************************
*/

/*!40101 SET NAMES utf8 */;

/*!40101 SET SQL_MODE=''*/;

/*!40014 SET @OLD_FOREIGN_KEY_CHECKS=@@FOREIGN_KEY_CHECKS, FOREIGN_KEY_CHECKS=0 */;
/*!40101 SET @OLD_SQL_MODE=@@SQL_MODE, SQL_MODE='NO_AUTO_VALUE_ON_ZERO' */;

CREATE DATABASE /*!32312 IF NOT EXISTS*/`e_learning` /*!40100 DEFAULT CHARACTER SET latin1 */;

USE `e_learning`;

/*Table structure for table `tb_answers` */

DROP TABLE IF EXISTS `tb_answers`;

CREATE TABLE `tb_answers` (
  `id` int(11) NOT NULL AUTO_INCREMENT,
  `answers` varchar(200) DEFAULT NULL,
  PRIMARY KEY (`id`)
) ENGINE=InnoDB AUTO_INCREMENT=253 DEFAULT CHARSET=latin1;

/*Data for the table `tb_answers` */

insert  into `tb_answers`(`id`,`answers`) values (1,'print'),(2,'%'),(3,'!='),(4,'*'),(5,'**'),(6,'rawinput()'),(7,'input()\r\n'),(8,'raw_input()'),(9,'scan()'),(10,'int()\r\n  \r\n'),(11,'benar'),(12,'salah'),(13,'()'),(14,'variabel'),(15,'Sequential\r\n'),(16,'Looping    	\r\n'),(17,'Conditional'),(18,'Prosedure'),(19,'Sentinel'),(20,'Single Conditional'),(21,'Nested Conditional	'),(22,'Multiple Conditional'),(23,'Perkalian'),(24,'for'),(25,'0'),(26,'none'),(27,'null'),(28,'\" \"	'),(29,'3'),(30,'and'),(31,'sama'),(32,'pangkat'),(33,'increment'),(34,'decrement'),(35,'a=a**2a=a%3'),(36,'2\r\n'),(37,'failedttryagain'),(38,'/'),(39,'tidaksamadengan'),(40,'%f'),(41,'%d'),(42,'%s'),(43,'%lf'),(44,'string'),(45,'char'),(46,'//'),(47,'(),*,/,%,-,+'),(48,'%,*,/,(),-,+'),(49,'+,-,(),*,/,%'),(50,'%,/,*,+,-'),(51,'menginputkan nilai'),(52,'mencetak nilai'),(53,'menganti nilai'),(54,'memasukan dalam baris'),(55,'lower'),(56,'ceil'),(57,'length'),(58,'join'),(59,'incrementdandecrement'),(60,'\\n'),(61,'\\t'),(62,'boolean	'),(63,'konstanta'),(64,'or	'),(65,'ohn'),(66,'o'),(67,'codingtry'),(68,'floor'),(69,'hurufkecil'),(70,'hurufkapital'),(71,'PyhtonpPythonPythonPython'),(72,'onislanguage'),(73,'07'),(74,'print (“Hello Pyton”)'),(75,'print “Hello Python”'),(76,'print (“Hello Python”);'),(77,'prints (“Hello python”)'),(78,'hellohellohello'),(79,'5\\n5'),(80,'5\r\n5			'),(81,'5'),(82,'Error syntax'),(83,'4545	'),(84,'Not'),(85,'opposite'),(86,'Tidak Sama'),(87,'Perbandingan'),(88,'a'),(89,'A'),(90,'kosong'),(91,'error'),(92,'1-2-3-4'),(93,'1-3-2-4'),(94,'1-3-4-2'),(95,'1-2-4-3'),(96,'\\d'),(97,'\\n'),(98,'\\ld'),(99,'\\i'),(100,'%d,%f,%ld,%c'),(101,'%lf,%a,%d,%s'),(102,'%lf,%d,%b,%a'),(103,'$d,%b,%ld,%lf'),(104,'Karakter pertama harus huruf saja'),(105,'Karakter selanjutnya boleh berisi angka, huruf,karakter dan spasi'),(106,'Bersifat incase sensitive'),(107,'Semua karakter boleh terdiri dari underscore '),(108,'6'),(109,'6.00'),(110,'//'),(111,'+,=,*'),(112,'-,//,**'),(113,':,+,-'),(114,'*,/,^'),(115,'13 + 2'),(116,'15'),(117,'13+2'),(118,'13'),(119,'()'),(120,'<>'),(121,'!='),(122,'>='),(123,'If-else, if-else if, if-else if-else'),(124,'If-else, if-elif,if-elif-else'),(125,'If, If-else, if-elif,if-elif-else'),(126,'If, else, if-else if, if-else if-else'),(127,'count'),(128,'prima'),(129,'Untuk teks'),(130,'Untuk angka'),(131,'Untuk bilangan'),(132,'Untuk nilai'),(133,'Huruf besar dan kecil sama'),(134,'Huruf besar dan kecil sama-sama'),(135,'Huruf besar dan kecil berbeda-beda tetapi tetap satu'),(136,'Huruf besar dan kecil dianggap '),(137,'+'),(138,'-'),(139,'/'),(140,':'),(141,'Proses pengurangan satu'),(142,'Proses penambahan satu'),(143,'Proses pembagian satu'),(144,'Proses perkalian satu'),(145,'Start,counter,stop'),(146,'Counter,start,stop'),(147,'Stop,start,counter'),(148,'Start,stop,counter'),(149,'#'),(150,'Statement1'),(151,'Statement 1 dan Statement 2'),(152,'Statement 2'),(153,'Tanggal = 02122012'),(154,'Tanggal = “02122012”'),(155,'Tanggal = 02-12-2012'),(156,'Tanggal = “02-12-2012”'),(157,'int'),(158,'float'),(159,'void'),(160,'Int,float,char,double,const'),(161,'Float,int,double,const'),(162,'Int,float,String,double '),(163,'konstanta'),(164,'Tipe data'),(165,'Label'),(166,'Label'),(167,'Short'),(168,'Long'),(169,'5.5'),(170,'4.3'),(171,'1.25'),(172,'””'),(173,'\'\''),(174,'””” “”” '),(175,'^ ^'),(176,'abc'),(177,'123'),(178,'1'),(179,'kosong'),(180,'int()'),(181,'float()'),(182,'str()'),(183,'chr()'),(184,'True'),(185,'False'),(186,'IF1'),(187,'IF2'),(188,'I don\'t get printed!'),(189,'I get printed!'),(190,'I also don\'t get printed! '),(191,'I get printed!\r\nI also don\'t get printed!\r\n'),(192,'elseif'),(193,'>= , < '),(194,'!= , <>'),(195,'>,<'),(196,'>,<='),(197,'grade > 90'),(198,'grade >=89'),(199,'90 <= grade'),(200,'grade > = 90 '),(201,'raw_input (“Input your answer:”)'),(202,'raw_input  Input your answer:'),(203,'var  = raw_input (“Input your answer:”)'),(204,'var = input (“Input your answer:”) '),(205,'12'),(206,'0'),(207,'>'),(208,'<'),(209,'!='),(210,'not'),(211,'Integer'),(212,'Boolean'),(213,'Variabel yang dicek oleh isalpha()'),(214,'hello'),(215,'helloD.Y'),(216,'h\r\n'),(217,'rile'),(218,'65'),(219,'36.00 '),(220,'-22'),(221,'4'),(222,'4.00'),(223,'helloworld'),(224,'1430'),(225,'35'),(226,'‘4’+”4”'),(227,'6 +10'),(228,'“5”+”0”'),(229,'‘5’+8'),(230,NULL),(231,'14'),(232,'hellow'),(233,'45'),(234,'40'),(235,'Kurang semicolon ;'),(236,'Error logic'),(237,'Error  syntax'),(238,'Tidak ada yang error'),(239,';'),(240,'('),(241,'{'),(242,'Tidak bisa'),(243,'kondisisalah'),(244,'+, and,>'),(245,'!= , or , =='),(246,'%,and ,<>'),(247,'!'),(248,'9'),(249,'Python adalah bahasa pemograman yang mudah di gunakan'),(251,'bahasa pemograman \r\npython 2'),(252,'Test Jawaban baru (sudah di edit)');

/*Table structure for table `tb_category` */

DROP TABLE IF EXISTS `tb_category`;

CREATE TABLE `tb_category` (
  `id` int(11) NOT NULL AUTO_INCREMENT,
  `category` varchar(200) DEFAULT NULL,
  PRIMARY KEY (`id`)
) ENGINE=InnoDB AUTO_INCREMENT=3 DEFAULT CHARSET=latin1;

/*Data for the table `tb_category` */

insert  into `tb_category`(`id`,`category`) values (1,'QUIZ'),(2,'EXERCISE');

/*Table structure for table `tb_essay` */

DROP TABLE IF EXISTS `tb_essay`;

CREATE TABLE `tb_essay` (
  `id` int(11) NOT NULL AUTO_INCREMENT,
  `essay` varchar(255) DEFAULT NULL,
  `id_matery` int(11) DEFAULT NULL,
  `id_level` int(11) DEFAULT NULL,
  `id_jenis_soal` int(11) DEFAULT NULL,
  `id_category` int(11) DEFAULT NULL,
  PRIMARY KEY (`id`),
  KEY `FK_tb_essaymatery` (`id_matery`),
  KEY `FK_tb_essaylevel` (`id_level`),
  KEY `FK_tb_essayjns` (`id_jenis_soal`),
  KEY `FK_tb_essay` (`id_category`),
  CONSTRAINT `FK_tb_essay` FOREIGN KEY (`id_category`) REFERENCES `tb_category` (`id`),
  CONSTRAINT `FK_tb_essayjns` FOREIGN KEY (`id_jenis_soal`) REFERENCES `tb_jenissoal` (`id`),
  CONSTRAINT `FK_tb_essaylevel` FOREIGN KEY (`id_level`) REFERENCES `tb_level` (`id`),
  CONSTRAINT `FK_tb_essaymatery` FOREIGN KEY (`id_matery`) REFERENCES `tb_matery` (`id`)
) ENGINE=InnoDB AUTO_INCREMENT=2 DEFAULT CHARSET=latin1;

/*Data for the table `tb_essay` */

insert  into `tb_essay`(`id`,`essay`,`id_matery`,`id_level`,`id_jenis_soal`,`id_category`) values (1,'Buatlah program untuk mencetak luas lingkaran yang memiliki jari-jari = 7 !',1,1,3,2);

/*Table structure for table `tb_historisquiz` */

DROP TABLE IF EXISTS `tb_historisquiz`;

CREATE TABLE `tb_historisquiz` (
  `id` int(11) NOT NULL AUTO_INCREMENT,
  `id_colleger` int(11) DEFAULT NULL,
  `id_matery` int(11) DEFAULT NULL,
  `id_qa` int(11) DEFAULT NULL,
  `status` int(11) DEFAULT NULL,
  `timeupdate` varchar(255) DEFAULT NULL,
  PRIMARY KEY (`id`),
  KEY `FK_tb_historisquizsr` (`id_colleger`),
  KEY `FK_tb_historisquizqa` (`id_qa`),
  KEY `FK_tb_historisquizmtr` (`id_matery`),
  CONSTRAINT `FK_tb_historisquizmtr` FOREIGN KEY (`id_matery`) REFERENCES `tb_matery` (`id`),
  CONSTRAINT `FK_tb_historisquizqa` FOREIGN KEY (`id_qa`) REFERENCES `tb_qa` (`id`),
  CONSTRAINT `FK_tb_historisquizsr` FOREIGN KEY (`id_colleger`) REFERENCES `tb_user` (`id`)
) ENGINE=InnoDB DEFAULT CHARSET=latin1;

/*Data for the table `tb_historisquiz` */

/*Table structure for table `tb_jenissoal` */

DROP TABLE IF EXISTS `tb_jenissoal`;

CREATE TABLE `tb_jenissoal` (
  `id` int(11) NOT NULL AUTO_INCREMENT,
  `jenisSoal` varchar(200) DEFAULT NULL,
  PRIMARY KEY (`id`)
) ENGINE=InnoDB AUTO_INCREMENT=4 DEFAULT CHARSET=latin1;

/*Data for the table `tb_jenissoal` */

insert  into `tb_jenissoal`(`id`,`jenisSoal`) values (1,'SHORTANSWER'),(2,'CHOICE'),(3,'ESSAY');

/*Table structure for table `tb_jumlah_soal_per_level` */

DROP TABLE IF EXISTS `tb_jumlah_soal_per_level`;

CREATE TABLE `tb_jumlah_soal_per_level` (
  `id` int(11) NOT NULL,
  `jumlah_soal` int(11) DEFAULT NULL,
  PRIMARY KEY (`id`)
) ENGINE=InnoDB DEFAULT CHARSET=latin1;

/*Data for the table `tb_jumlah_soal_per_level` */

insert  into `tb_jumlah_soal_per_level`(`id`,`jumlah_soal`) values (1,2);

/*Table structure for table `tb_knowledge` */

DROP TABLE IF EXISTS `tb_knowledge`;

CREATE TABLE `tb_knowledge` (
  `id` int(11) NOT NULL AUTO_INCREMENT,
  `knowlegde` varchar(200) DEFAULT NULL,
  PRIMARY KEY (`id`)
) ENGINE=InnoDB AUTO_INCREMENT=4 DEFAULT CHARSET=latin1;

/*Data for the table `tb_knowledge` */

insert  into `tb_knowledge`(`id`,`knowlegde`) values (1,'good'),(2,'fair'),(3,'poor');

/*Table structure for table `tb_level` */

DROP TABLE IF EXISTS `tb_level`;

CREATE TABLE `tb_level` (
  `id` int(11) NOT NULL AUTO_INCREMENT,
  `level` varchar(200) DEFAULT NULL,
  PRIMARY KEY (`id`)
) ENGINE=InnoDB AUTO_INCREMENT=4 DEFAULT CHARSET=latin1;

/*Data for the table `tb_level` */

insert  into `tb_level`(`id`,`level`) values (1,'low'),(2,'middle'),(3,'high');

/*Table structure for table `tb_majors` */

DROP TABLE IF EXISTS `tb_majors`;

CREATE TABLE `tb_majors` (
  `id` int(11) NOT NULL AUTO_INCREMENT,
  `majors` varchar(255) DEFAULT NULL,
  PRIMARY KEY (`id`)
) ENGINE=InnoDB AUTO_INCREMENT=3 DEFAULT CHARSET=latin1;

/*Data for the table `tb_majors` */

insert  into `tb_majors`(`id`,`majors`) values (1,'MANAJEMEN INFORMATIKA'),(2,'TEKNIK INFORMASI');

/*Table structure for table `tb_matery` */

DROP TABLE IF EXISTS `tb_matery`;

CREATE TABLE `tb_matery` (
  `id` int(11) NOT NULL AUTO_INCREMENT,
  `matery` varchar(255) DEFAULT NULL,
  PRIMARY KEY (`id`)
) ENGINE=InnoDB AUTO_INCREMENT=4 DEFAULT CHARSET=latin1;

/*Data for the table `tb_matery` */

insert  into `tb_matery`(`id`,`matery`) values (1,'Sequential'),(2,'Conditional'),(3,'Looping');

/*Table structure for table `tb_model` */

DROP TABLE IF EXISTS `tb_model`;

CREATE TABLE `tb_model` (
  `id` int(11) NOT NULL AUTO_INCREMENT,
  `id_user` int(11) DEFAULT NULL,
  `id_matery` int(11) DEFAULT NULL,
  `knowledge_sebelum` int(11) DEFAULT NULL,
  `knowledge_sesudah` int(11) DEFAULT NULL,
  `score_sebelum` int(11) DEFAULT NULL,
  `score_sesudah` int(11) DEFAULT NULL,
  PRIMARY KEY (`id`),
  KEY `FK_tb_modelmtr` (`id_matery`),
  CONSTRAINT `FK_tb_modelmtr` FOREIGN KEY (`id_matery`) REFERENCES `tb_matery` (`id`)
) ENGINE=InnoDB AUTO_INCREMENT=4 DEFAULT CHARSET=latin1;

/*Data for the table `tb_model` */

insert  into `tb_model`(`id`,`id_user`,`id_matery`,`knowledge_sebelum`,`knowledge_sesudah`,`score_sebelum`,`score_sesudah`) values (3,2,1,2,3,42,83);

/*Table structure for table `tb_qa` */

DROP TABLE IF EXISTS `tb_qa`;

CREATE TABLE `tb_qa` (
  `id` int(11) NOT NULL AUTO_INCREMENT,
  `id_quiz` varchar(255) DEFAULT NULL,
  `id_answers` varchar(255) DEFAULT NULL,
  `id_status` varchar(255) DEFAULT NULL,
  `id_level` varchar(255) DEFAULT NULL,
  `id_jenis_soal` varchar(255) DEFAULT NULL,
  `timeopen` varchar(255) DEFAULT NULL,
  `timeclose` varchar(255) DEFAULT NULL,
  `timecreated` varchar(255) DEFAULT NULL,
  `timemodified` varchar(255) DEFAULT NULL,
  `latihan_ke` varchar(255) DEFAULT NULL,
  PRIMARY KEY (`id`)
) ENGINE=InnoDB AUTO_INCREMENT=416 DEFAULT CHARSET=latin1;

/*Data for the table `tb_qa` */

insert  into `tb_qa`(`id`,`id_quiz`,`id_answers`,`id_status`,`id_level`,`id_jenis_soal`,`timeopen`,`timeclose`,`timecreated`,`timemodified`,`latihan_ke`) values (1,'1','1','1','1','1','2018-03-21 00:00:00','2018-03-21 00:00:00','2018-03-21 00:00:00','2018-03-21 00:00:00',NULL),(2,'2','44','1','1','2','2018-03-21 00:00:00','2018-03-21 00:00:00','2018-03-21 00:00:00','2018-03-21 00:00:00',NULL),(3,'2','14','0','1','2','2018-03-21 00:00:00','2018-03-21 00:00:00','2018-03-21 00:00:00','2018-03-21 00:00:00',NULL),(4,'2','10','0','1','2','2018-03-21 00:00:00','2018-03-21 00:00:00','2018-03-21 00:00:00','2018-03-21 00:00:00',NULL),(5,'2','5','0','1','2','2018-03-21 00:00:00','2018-03-21 00:00:00','2018-03-21 00:00:00','2018-03-21 00:00:00',NULL),(6,'4','6','0','1','2','2018-03-22 00:00:00','2018-03-22 00:00:00','2018-03-22 00:00:00','2018-03-22 00:00:00',NULL),(7,'4','7','1','1','2','2018-03-22 00:00:00','2018-03-22 00:00:00','2018-03-22 00:00:00','2018-03-22 00:00:00',NULL),(8,'4','8','0','1','2','2018-03-22 00:00:00','2018-03-22 00:00:00','2018-03-22 00:00:00','2018-03-22 00:00:00',NULL),(9,'4','9','0','1','2','2018-03-22 00:00:00','2018-03-22 00:00:00','2018-03-22 00:00:00','2018-03-22 00:00:02',NULL),(10,'5','10','1','2','1','2018-03-22 00:00:00','2018-03-22 00:00:00','2018-03-22 00:00:00','2018-03-22 00:00:00',NULL),(11,'6','13','1','1','1','2018-03-22 00:00:00','2018-03-22 00:00:00','2018-03-22 00:00:00','2018-03-22 00:00:00',NULL),(12,'7','14','1','1','1','2018-03-22 00:00:00','2018-03-22 00:00:00','2018-03-22 00:00:00','2018-03-22 00:00:00',NULL),(13,'8','11','0','2','2','2018-03-22 00:00:00','2018-03-22 00:00:00','2018-03-22 00:00:00','2018-03-22 00:00:00',NULL),(14,'8','12','1','2','2','2018-03-22 00:00:00','2018-03-22 00:00:00','2018-03-22 00:00:00','2018-03-22 00:00:00',NULL),(15,'9','11','1','1','2','2018-03-22 00:00:00','2018-03-22 00:00:00','2018-03-22 00:00:00','2018-03-22 00:00:00',NULL),(16,'9','12','0','1','2','2018-03-22 00:00:00','2018-03-22 00:00:00','2018-03-22 00:00:00','2018-03-22 00:00:00',NULL),(17,'10','11','1','1','2','2018-03-22 00:00:00','2018-03-22 00:00:00','2018-03-22 00:00:00','2018-03-22 00:00:00',NULL),(18,'10','12','0','1','2','2018-03-22 00:00:00','2018-03-22 00:00:00','2018-03-22 00:00:00','2018-03-22 00:00:00',NULL),(19,'11','11','0','1','2','2018-03-22 00:00:00','2018-03-22 00:00:00','2018-03-22 00:00:00','2018-03-22 00:00:00',NULL),(20,'11','12','1','1','2','2018-03-22 00:00:00','2018-03-22 00:00:00','2018-03-22 00:00:00','2018-03-22 00:00:00',NULL),(21,'12','11','0','1','2','2018-03-22 00:00:00','2018-03-22 00:00:00','2018-03-22 00:00:00','2018-03-22 00:00:00',NULL),(22,'12','12','1','1','2','2018-03-22 00:00:00','2018-03-22 00:00:00','2018-03-22 00:00:00','2018-03-22 00:00:00',NULL),(23,'13','11','1','1','2','2018-03-22 00:00:00','2018-03-22 00:00:00','2018-03-22 00:00:00','2018-03-22 00:00:00',NULL),(24,'13','12','0','1','2','2018-03-22 00:00:00','2018-03-22 00:00:00','2018-03-22 00:00:00','2018-03-22 00:00:00',NULL),(25,'14','11','1','1','2','2018-03-22 00:00:00','2018-03-22 00:00:00','2018-03-22 00:00:00','2018-03-22 00:00:00',NULL),(26,'14','12','0','1','2','2018-03-22 00:00:00','2018-03-22 00:00:00','2018-03-22 00:00:00','2018-03-22 00:00:00',NULL),(27,'15','11','0','1','2','2018-03-22 00:00:00','2018-03-22 00:00:00','2018-03-22 00:00:00','2018-03-22 00:00:00',NULL),(28,'15','12','1','1','2','2018-03-22 00:00:00','2018-03-22 00:00:00','2018-03-22 00:00:00','2018-03-22 00:00:00',NULL),(29,'16','11','1','1','2','2018-03-22 00:00:00','2018-03-22 00:00:00','2018-03-22 00:00:00','2018-03-22 00:00:00',NULL),(30,'16','12','0','1','2','2018-03-22 00:00:00','2018-03-22 00:00:00','2018-03-22 00:00:00','2018-03-22 00:00:00',NULL),(31,'17','11','1','1','2','2018-03-22 00:00:00','2018-03-22 00:00:00','2018-03-22 00:00:00','2018-03-22 00:00:00',NULL),(32,'17','12','0','1','2','2018-03-22 00:00:00','2018-03-22 00:00:00','2018-03-22 00:00:00','2018-03-22 00:00:00',NULL),(33,'18','15','0','1','2','2018-03-22 00:00:00','2018-03-22 00:00:00','2018-03-22 00:00:00','2018-03-22 00:00:00',NULL),(34,'18','16','0','1','2','2018-03-22 00:00:00','2018-03-22 00:00:00','2018-03-22 00:00:00','2018-03-22 00:00:00',NULL),(35,'18','17','1','1','2','2018-03-22 00:00:00','2018-03-22 00:00:00','2018-03-22 00:00:00','2018-03-22 00:00:00',NULL),(36,'18','18','0','1','2','2018-03-22 00:00:00','2018-03-22 00:00:00','2018-03-22 00:00:00','2018-03-22 00:00:00',NULL),(37,'19','19','1','1','1','2018-03-22 00:00:00','2018-03-22 00:00:00','2018-03-22 00:00:00','2018-03-22 00:00:00',NULL),(38,'20','17','1','1','2','2018-03-22 00:00:00','2018-03-22 00:00:00','2018-03-22 00:00:00','2018-03-22 00:00:00',NULL),(39,'20','20','0','1','2','2018-03-22 00:00:00','2018-03-22 00:00:00','2018-03-22 00:00:00','2018-03-22 00:00:00',NULL),(40,'20','21','0','1','2','2018-03-22 00:00:00','2018-03-22 00:00:00','2018-03-22 00:00:00','2018-03-22 00:00:00',NULL),(41,'20','22','0','1','2','2018-03-22 00:00:00','2018-03-22 00:00:00','2018-03-22 00:00:00','2018-03-22 00:00:00',NULL),(42,'21','23','1','2','1','2018-03-22 00:00:00','2018-03-22 00:00:00','2018-03-22 00:00:00','2018-03-22 00:00:00',NULL),(43,'22','24','1','2','1','2018-03-22 00:00:00','2018-03-22 00:00:00','2018-03-22 00:00:00','2018-03-22 00:00:00',NULL),(44,'23','25','0','1','2','2018-03-22 00:00:00','2018-03-22 00:00:00','2018-03-22 00:00:00','2018-03-22 00:00:00',NULL),(45,'23','26','0','1','2','2018-03-22 00:00:00','2018-03-22 00:00:00','2018-03-22 00:00:00','2018-03-22 00:00:00',NULL),(46,'23','27','1','1','2','2018-03-22 00:00:00','2018-03-22 00:00:00','2018-03-22 00:00:00','2018-03-22 00:00:00',NULL),(47,'23','28','0','1','2','2018-03-22 00:00:00','2018-03-22 00:00:00','2018-03-22 00:00:00','2018-03-22 00:00:00',NULL),(48,'24','1','1','2','1','2018-03-22 00:00:00','2018-03-22 00:00:00','2018-03-22 00:00:00','2018-03-22 00:00:00',NULL),(49,'25','11','1','1','2','2018-03-22 00:00:00','2018-03-22 00:00:00','2018-03-22 00:00:00','2018-03-22 00:00:00',NULL),(50,'25','12','0','1','2','2018-03-22 00:00:00','2018-03-22 00:00:00','2018-03-22 00:00:00','2018-03-22 00:00:00',NULL),(51,'26','11','1','1','2','2018-03-22 00:00:00','2018-03-22 00:00:00','2018-03-22 00:00:00','2018-03-22 00:00:00',NULL),(52,'26','12','0','1','2','2018-03-22 00:00:00','2018-03-22 00:00:00','2018-03-22 00:00:00','2018-03-22 00:00:00',NULL),(53,'27','11','0','1','2','2018-03-22 00:00:00','2018-03-22 00:00:00','2018-03-22 00:00:00','2018-03-22 00:00:00',NULL),(54,'27','12','1','1','2','2018-03-22 00:00:00','2018-03-22 00:00:00','2018-03-22 00:00:00','2018-03-22 00:00:00',NULL),(55,'28','11','1','2','2','2018-03-22 00:00:00','2018-03-22 00:00:00','2018-03-22 00:00:00','2018-03-22 00:00:00',NULL),(56,'28','12','0','2','2','2018-03-22 00:00:00','2018-03-22 00:00:00','2018-03-22 00:00:00','2018-03-22 00:00:00',NULL),(57,'29','11','1','1','2','2018-03-22 00:00:00','2018-03-22 00:00:00','2018-03-22 00:00:00','2018-03-22 00:00:00',NULL),(58,'29','12','0','1','2','2018-03-22 00:00:00','2018-03-22 00:00:00','2018-03-22 00:00:00','2018-03-22 00:00:00',NULL),(59,'30','11','0','1','2','2018-03-22 00:00:00','2018-03-22 00:00:00','2018-03-22 00:00:00','2018-03-22 00:00:00',NULL),(60,'30','12','1','1','2','2018-03-22 00:00:00','2018-03-22 00:00:00','2018-03-22 00:00:00','2018-03-22 00:00:00',NULL),(61,'31','11','0','1','2','2018-03-22 00:00:00','2018-03-22 00:00:00','2018-03-22 00:00:00','2018-03-22 00:00:00',NULL),(62,'31','12','1','1','2','2018-03-22 00:00:00','2018-03-22 00:00:00','2018-03-22 00:00:00','2018-03-22 00:00:00',NULL),(63,'32','11','1','2','2','2018-03-22 00:00:00','2018-03-22 00:00:00','2018-03-22 00:00:00','2018-03-22 00:00:00',NULL),(64,'32','12','0','2','2','2018-03-22 00:00:00','2018-03-22 00:00:00','2018-03-22 00:00:00','2018-03-22 00:00:00',NULL),(65,'33','11','1','1','2','2018-03-22 00:00:00','2018-03-22 00:00:00','2018-03-22 00:00:00','2018-03-22 00:00:00',NULL),(66,'33','12','0','1','2','2018-03-22 00:00:00','2018-03-22 00:00:00','2018-03-22 00:00:00','2018-03-22 00:00:00',NULL),(67,'34','11','0','1','2','2018-03-22 00:00:00','2018-03-22 00:00:00','2018-03-22 00:00:00','2018-03-22 00:00:00',NULL),(68,'34','12','1','1','2','2018-03-22 00:00:00','2018-03-22 00:00:00','2018-03-22 00:00:00','2018-03-22 00:00:00',NULL),(69,'35','11','0','1','2','2018-03-22 00:00:00','2018-03-22 00:00:00','2018-03-22 00:00:00','2018-03-22 00:00:00',NULL),(70,'35','12','1','1','2','2018-03-22 00:00:00','2018-03-22 00:00:00','2018-03-22 00:00:00','2018-03-22 00:00:00',NULL),(71,'36','29','1','1','1','2018-03-26 17:00:00','2018-03-26 17:00:00','2018-03-26 17:00:00','2018-03-26 17:00:00',NULL),(72,'37','30','1','1','1','2018-03-26 17:00:00','2018-03-26 17:00:00','2018-03-26 17:00:00','2018-03-26 17:00:00',NULL),(73,'38','11','0','1','2','2018-03-26 17:00:00','2018-03-26 17:00:00','2018-03-26 17:00:00','2018-03-26 17:00:00',NULL),(74,'39','11','0','2','2','2018-03-26 17:00:00','2018-03-26 17:00:00','2018-03-26 17:00:00','2018-03-26 17:00:00',NULL),(75,'39','12','1','2','2','2018-03-26 17:00:00','2018-03-26 17:00:00','2018-03-26 17:00:00','2018-03-26 17:00:00',NULL),(76,'40','31','1','1','1','2018-03-26 17:00:00','2018-03-26 17:00:00','2018-03-26 17:00:00','2018-03-26 17:00:00',NULL),(77,'42','32','1','3','1','2018-03-26 17:00:00','2018-03-26 17:00:00','2018-03-26 17:00:00','2018-03-26 17:00:00',NULL),(78,'43','33','1','3','1','2018-03-26 17:00:00','2018-03-26 17:00:00','2018-03-26 17:00:00','2018-03-26 17:00:00',NULL),(79,'44','34','1','1','1','2018-03-26 17:00:00','2018-03-26 17:00:00','2018-03-26 17:00:00','2018-03-26 17:00:00',NULL),(80,'45','35','1','1','1','2018-03-26 17:00:00','2018-03-26 17:00:00','2018-03-26 17:00:00','2018-03-26 17:00:00',NULL),(81,'46','36','1','3','1','2018-03-26 17:00:00','2018-03-26 17:00:00','2018-03-26 17:00:00','2018-03-26 17:00:00',NULL),(82,'47','37','1','2','1','2018-03-26 17:00:00','2018-03-26 17:00:00','2018-03-26 17:00:00','2018-03-26 17:00:00',NULL),(83,'48','11','1','1','2','2018-03-26 17:00:00','2018-03-26 17:00:00','2018-03-26 17:00:00','2018-03-26 17:00:00',NULL),(84,'48','12','0','1','2','2018-03-26 17:00:00','2018-03-26 17:00:00','2018-03-26 17:00:00','2018-03-26 17:00:00',NULL),(85,'49','11','1','1','2','2018-03-26 17:00:00','2018-03-26 17:00:00','2018-03-26 17:00:00','2018-03-26 17:00:00',NULL),(86,'49','12','0','1','2','2018-03-26 17:00:00','2018-03-26 17:00:00','2018-03-26 17:00:00','2018-03-26 17:00:00',NULL),(87,'50','11','1','1','2','2018-03-26 17:00:00','2018-03-26 17:00:00','2018-03-26 17:00:00','2018-03-26 17:00:00',NULL),(88,'51','29','1','1','1','2018-03-26 17:00:00','2018-03-26 17:00:00','2018-03-26 17:00:00','2018-03-26 17:00:00',NULL),(89,'52','149','1','1','1','2018-03-26 17:00:00','2018-03-26 17:00:00','2018-03-26 17:00:00','2018-03-26 17:00:00',NULL),(90,'53','46','1','1','1','2018-03-26 17:00:00','2018-03-26 17:00:00','2018-03-26 17:00:00','2018-03-26 17:00:00',NULL),(91,'54','39','1','1','1','2018-03-26 17:00:00','2018-03-26 17:00:00','2018-03-26 17:00:00','2018-03-26 17:00:00',NULL),(92,'55','40','1','1','1','2018-03-26 17:00:00','2018-03-26 17:00:00','2018-03-26 17:00:00','2018-03-26 17:00:00',NULL),(93,'56','41','1','1','1','2018-03-26 17:00:00','2018-03-26 17:00:00','2018-03-26 17:00:00','2018-03-26 17:00:00',NULL),(94,'57','42','1','1','1','2018-03-26 17:00:00','2018-03-26 17:00:00','2018-03-26 17:00:00','2018-03-26 17:00:00',NULL),(95,'58','43','1','1','1','2018-03-26 17:00:00','2018-03-26 17:00:00','2018-03-26 17:00:00','2018-03-26 17:00:00',NULL),(96,'59','42','1','1','1','2018-03-26 17:00:00','2018-03-26 17:00:00','2018-03-26 17:00:00','2018-03-26 17:00:00',NULL),(97,'60','42','1','1','1','2018-03-26 17:00:00','2018-03-26 17:00:00','2018-03-26 17:00:00','2018-03-26 17:00:00',NULL),(98,'61','45','1','2','1','2018-03-26 17:00:00','2018-03-26 17:00:00','2018-03-26 17:00:00','2018-03-26 17:00:00',NULL),(99,'62','47','1','2','2','2018-03-26 17:00:00','2018-03-26 17:00:00','2018-03-26 17:00:00','2018-03-26 17:00:00',NULL),(100,'62','48','0','1','2','2018-03-26 17:00:00','2018-03-26 17:00:00','2018-03-26 17:00:00','2018-03-26 17:00:00',NULL),(101,'62','49','0','1','2','2018-03-26 17:00:00','2018-03-26 17:00:00','2018-03-26 17:00:00','2018-03-26 17:00:00',NULL),(102,'62','50','0','1','2','2018-03-26 17:00:00','2018-03-26 17:00:00','2018-03-26 17:00:00','2018-03-26 17:00:00',NULL),(103,'63','51','1','1','1','2018-03-26 17:00:00','2018-03-26 17:00:00','2018-03-26 17:00:00','2018-03-26 17:00:00',NULL),(104,'66','10','1','2','1','2018-03-26 17:00:00','2018-03-26 17:00:00','2018-03-26 17:00:00','2018-03-26 17:00:00',NULL),(105,'67','55','1','3','1','2018-03-26 17:00:00','2018-03-26 17:00:00','2018-03-26 17:00:00','2018-03-26 17:00:00',NULL),(106,'68','56','1','3','1','2018-03-26 17:00:00','2018-03-26 17:00:00','2018-03-26 17:00:00','2018-03-26 17:00:00',NULL),(107,'69','57','1','2','1','2018-03-26 17:00:00','2018-03-26 17:00:00','2018-03-26 17:00:00','2018-03-26 17:00:00',NULL),(108,'70','58','1','2','1','2018-03-26 17:00:00','2018-03-26 17:00:00','2018-03-26 17:00:00','2018-03-26 17:00:00',NULL),(109,'71','29','1','2','1','2018-03-26 17:00:00','2018-03-26 17:00:00','2018-03-26 17:00:00','2018-03-26 17:00:00',NULL),(110,'72','59','1','2','1','2018-03-26 17:00:00','2018-03-26 17:00:00','2018-03-26 17:00:00','2018-03-26 17:00:00',NULL),(111,'73','60','1','1','1','2018-03-26 17:00:00','2018-03-26 17:00:00','2018-03-26 17:00:00','2018-03-26 17:00:00',NULL),(112,'74','61','1','1','1','2018-03-26 17:00:00','2018-03-26 17:00:00','2018-03-26 17:00:00','2018-03-26 17:00:00',NULL),(113,'75','62','1','1','1','2018-03-26 17:00:00','2018-03-26 17:00:00','2018-03-26 17:00:00','2018-03-26 17:00:00',NULL),(114,'76','63','1','1','1','2018-03-26 17:00:00','2018-03-26 17:00:00','2018-03-26 17:00:00','2018-03-26 17:00:00',NULL),(115,'78','64','1','1','1','2018-03-26 17:00:00','2018-03-26 17:00:00','2018-03-26 17:00:00','2018-03-26 17:00:00',NULL),(116,'79','65','1','1','1','2018-03-26 17:00:00','2018-03-26 17:00:00','2018-03-26 17:00:00','2018-03-26 17:00:00',NULL),(117,'80','66','1','1','1','2018-03-26 17:00:00','2018-03-26 17:00:00','2018-03-26 17:00:00','2018-03-26 17:00:00',NULL),(118,'81','67','1','1','1','2018-03-26 17:00:00','2018-03-26 17:00:00','2018-03-26 17:00:00','2018-03-26 17:00:00',NULL),(119,'82','68','1','1','1','2018-03-26 17:00:00','2018-03-26 17:00:00','2018-03-26 17:00:00','2018-03-26 17:00:00',NULL),(120,'83','69','1','1','1','2018-03-26 17:00:00','2018-03-26 17:00:00','2018-03-26 17:00:00','2018-03-26 17:00:00',NULL),(121,'84','70','1','1','1','2018-03-26 17:00:00','2018-03-26 17:00:00','2018-03-26 17:00:00','2018-03-26 17:00:00',NULL),(122,'85','71','1','1','1','2018-03-26 17:00:00','2018-03-26 17:00:00','2018-03-26 17:00:00','2018-03-26 17:00:00',NULL),(123,'86','72','1','1','1','2018-03-26 17:00:00','2018-03-26 17:00:00','2018-03-26 17:00:00','2018-03-26 17:00:00',NULL),(124,'87','74','1','1','2','2018-03-26 17:00:00','2018-03-26 17:00:00','2018-03-26 17:00:00','2018-03-26 17:00:00',NULL),(125,'87','75','0','1','2','2018-03-30 00:00:00','2018-03-30 00:00:00','2018-03-30 00:00:00','2018-03-30 00:00:00',NULL),(126,'87','76','0','1','2','2018-03-30 00:00:00','2018-03-30 00:00:00','2018-03-30 00:00:00','2018-03-30 00:00:00',NULL),(127,'87','77','0','1','2','2018-03-30 00:00:00','2018-03-30 00:00:00','2018-03-30 00:00:00','2018-03-30 00:00:00',NULL),(128,'88','78','1','2','1','2018-03-30 00:00:00','2018-03-30 00:00:00','2018-03-30 00:00:00','2018-03-30 00:00:00',NULL),(129,'89','79','0','1','2','2018-03-30 00:00:00','2018-03-30 00:00:00','2018-03-30 00:00:00','2018-03-30 00:00:00',NULL),(130,'89','80','1','1','2','2018-03-30 00:00:00','2018-03-30 00:00:00','2018-03-30 00:00:00','2018-03-30 00:00:00',NULL),(131,'89','81','0','1','2','2018-03-30 00:00:00','2018-03-30 00:00:00','2018-03-30 00:00:00','2018-03-30 00:00:00',NULL),(132,'89','82','0','1','2','2018-03-30 00:00:00','2018-03-30 00:00:00','2018-03-30 00:00:00','2018-03-30 00:00:00',NULL),(133,'90','83','1','2','1','2018-03-30 00:00:00','2018-03-30 00:00:00','2018-03-30 00:00:00','2018-03-30 00:00:00',NULL),(134,'91','12','1','1','2','2018-03-30 00:00:00','2018-03-30 00:00:00','2018-03-30 00:00:00','2018-03-30 00:00:00',NULL),(135,'92','12','1','1','2','2018-03-30 00:00:00','2018-03-30 00:00:00','2018-03-30 00:00:00','2018-03-30 00:00:00',NULL),(136,'94','11','1','1','2','2018-03-30 00:00:00','2018-03-30 00:00:00','2018-03-30 00:00:00','2018-03-30 00:00:00',NULL),(137,'95','12','1','1','2','2018-03-30 00:00:00','2018-03-30 00:00:00','2018-03-30 00:00:00','2018-03-30 00:00:00',NULL),(138,'96','84','1','1','2','2018-03-30 00:00:00','2018-03-30 00:00:00','2018-03-30 00:00:00','2018-03-30 00:00:00',NULL),(139,'96','85','0','1','2','2018-03-30 00:00:00','2018-03-30 00:00:00','2018-03-30 00:00:00','2018-03-30 00:00:00',NULL),(140,'96','86','0','1','2','2018-03-30 00:00:00','2018-03-30 00:00:00','2018-03-30 00:00:00','2018-03-30 00:00:00',NULL),(141,'96','87','0','1','2','2018-03-30 00:00:00','2018-03-30 00:00:00','2018-03-30 00:00:00','2018-03-30 00:00:00',NULL),(142,'97','88','0','1','2','2018-03-30 00:00:00','2018-03-30 00:00:00','2018-03-30 00:00:00','2018-03-30 00:00:00',NULL),(143,'97','89','0','1','2','2018-03-30 00:00:00','2018-03-30 00:00:00','2018-03-30 00:00:00','2018-03-30 00:00:00',NULL),(144,'97','90','0','1','2','2018-03-30 00:00:00','2018-03-30 00:00:00','2018-03-30 00:00:00','2018-03-30 00:00:00',NULL),(145,'97','91','1','1','2','2018-03-30 00:00:00','2018-03-30 00:00:00','2018-03-30 00:00:00','2018-03-30 00:00:00',NULL),(146,'98','92','0','2','2','2018-03-30 00:00:00','2018-03-30 00:00:00','2018-03-30 00:00:00','2018-03-30 00:00:00',NULL),(147,'98','93','0','2','2','2018-03-30 00:00:00','2018-03-30 00:00:00','2018-03-30 00:00:00','2018-03-30 00:00:00',NULL),(148,'98','94','0','2','2','2018-03-30 00:00:00','2018-03-30 00:00:00','2018-03-30 00:00:00','2018-03-30 00:00:00',NULL),(149,'98','95','1','2','2','2018-03-30 00:00:00','2018-03-30 00:00:00','2018-03-30 00:00:00','2018-03-30 00:00:00',NULL),(150,'99','96','0','1','2','2018-03-30 00:00:00','2018-03-30 00:00:00','2018-03-30 00:00:00','2018-03-30 00:00:00',NULL),(151,'99','97','1','1','2','2018-03-30 00:00:00','2018-03-30 00:00:00','2018-03-30 00:00:00','2018-03-30 00:00:00',NULL),(152,'99','98','0','1','2','2018-03-30 00:00:00','2018-03-30 00:00:00','2018-03-30 00:00:00','2018-03-30 00:00:00',NULL),(153,'99','99','0','1','2','2018-03-30 00:00:00','2018-03-30 00:00:00','2018-03-30 00:00:00','2018-03-30 00:00:00',NULL),(154,'100','12','1','1','2','2018-03-30 00:00:00','2018-03-30 00:00:00','2018-03-30 00:00:00','2018-03-30 00:00:00',NULL),(155,'101','100','1','1','2','2018-03-30 00:00:00','2018-03-30 00:00:00','2018-03-30 00:00:00','2018-03-30 00:00:00',NULL),(156,'101','101','0','1','2','2018-03-30 00:00:00','2018-03-30 00:00:00','2018-03-30 00:00:00','2018-03-30 00:00:00',NULL),(157,'101','102','0','1','2','2018-03-30 00:00:00','2018-03-30 00:00:00','2018-03-30 00:00:00','2018-03-30 00:00:00',NULL),(158,'101','103','0','1','2','2018-03-30 00:00:00','2018-03-30 00:00:00','2018-03-30 00:00:00','2018-03-30 00:00:00',NULL),(159,'102','11','1','2','2','2018-03-30 00:00:00','2018-03-30 00:00:00','2018-03-30 00:00:00','2018-03-30 00:00:00',NULL),(160,'103','157','1','2','1','2018-03-30 00:00:00','2018-03-30 00:00:00','2018-03-30 00:00:00','2018-03-30 00:00:00',NULL),(161,'104','104','0','1','2','2018-03-30 00:00:00','2018-03-30 00:00:00','2018-03-30 00:00:00','2018-03-30 00:00:00',NULL),(162,'104','105','0','1','2','2018-03-30 00:00:00','2018-03-30 00:00:00','2018-03-30 00:00:00','2018-03-30 00:00:00',NULL),(163,'104','106','0','1','2','2018-03-30 00:00:00','2018-03-30 00:00:00','2018-03-30 00:00:00','2018-03-30 00:00:00',NULL),(164,'104','107','1','1','2','2018-03-30 00:00:00','2018-03-30 00:00:00',NULL,'2018-03-30 00:00:00',NULL),(165,'105','12','1','2','2','2018-03-30 00:00:00','2018-03-30 00:00:00','2018-03-30 00:00:00','2018-03-30 00:00:00',NULL),(166,'106','12','1','1','2','2018-03-30 00:00:00','2018-03-30 00:00:00','2018-03-30 00:00:00','2018-03-30 00:00:00',NULL),(167,'107','12','1','1','2','2018-03-30 00:00:00','2018-03-30 00:00:00','2018-03-30 00:00:00','2018-03-30 00:00:00',NULL),(168,'108','108','1','2','1','2018-03-30 00:00:00','2018-03-30 00:00:00','2018-03-30 00:00:00','2018-03-30 00:00:00',NULL),(169,'109','91','1','1','1','2018-03-30 00:00:00','2018-03-30 00:00:00','2018-03-30 00:00:00','2018-03-30 00:00:00',NULL),(170,'110','109','1','2','1','2018-03-30 00:00:00','2018-03-30 00:00:00','2018-03-30 00:00:00','2018-03-30 00:00:00',NULL),(171,'111','248','1','1','1','2018-03-30 00:00:00','2018-03-30 00:00:00','2018-03-30 00:00:00','2018-03-30 00:00:00',NULL),(172,'112','110','1','1','1','2018-03-30 00:00:00','2018-03-30 00:00:00','2018-03-30 00:00:00','2018-03-30 00:00:00',NULL),(173,'113','111','0','1','2','2018-03-30 00:00:00','2018-03-30 00:00:00','2018-03-30 00:00:00','2018-03-30 00:00:00',NULL),(174,'113','112','0','1','2','2018-03-30 00:00:00','2018-03-30 00:00:00','2018-03-30 00:00:00','2018-03-30 00:00:00',NULL),(175,'113','113','1','1','2','2018-03-30 00:00:00','2018-03-30 00:00:00','2018-03-30 00:00:00','2018-03-30 00:00:00',NULL),(176,'113','114','0','1','2','2018-03-30 00:00:00','2018-03-30 00:00:00','2018-03-30 00:00:00','2018-03-30 00:00:00',NULL),(177,'114','115','0','1','2','2018-03-30 00:00:00','2018-03-30 00:00:00','2018-03-30 00:00:00','2018-03-30 00:00:00',NULL),(178,'114','116','1','1','2','2018-03-30 00:00:00','2018-03-30 00:00:00','2018-03-30 00:00:00','2018-03-30 00:00:00',NULL),(179,'114','117','0','1','2','2018-03-30 00:00:00','2018-03-30 00:00:00','2018-03-30 00:00:00','2018-03-30 00:00:00',NULL),(180,'114','118','0','1','2','2018-03-30 00:00:00','2018-03-30 00:00:00','2018-03-30 00:00:00','2018-03-30 00:00:00',NULL),(181,'115','12','1','1','1','2018-03-30 00:00:00','2018-03-30 00:00:00','2018-03-30 00:00:00','2018-03-30 00:00:00',NULL),(182,'116','11','1','1','1','2018-03-30 00:00:00','2018-03-30 00:00:00','2018-03-30 00:00:00','2018-03-30 00:00:00',NULL),(183,'117','119','1','1','2','2018-03-30 00:00:00','2018-03-30 00:00:00','2018-03-30 00:00:00','2018-03-30 00:00:00',NULL),(184,'117','120','0','1','2','2018-03-30 00:00:00','2018-03-30 00:00:00','2018-03-30 00:00:00','2018-03-30 00:00:00',NULL),(185,'117','121','0','1','2','2018-03-30 00:00:00','2018-03-30 00:00:00','2018-03-30 00:00:00','2018-03-30 00:00:00',NULL),(186,'117','122','0','1','2','2018-03-30 00:00:00','2018-03-30 00:00:00','2018-03-30 00:00:00','2018-03-30 00:00:00',NULL),(187,'118','11','1','2','1','2018-03-30 00:00:00','2018-03-30 00:00:00','2018-03-30 00:00:00','2018-03-30 00:00:00',NULL),(188,'119','247','1','1','1','2018-03-30 00:00:00','2018-03-30 00:00:00','2018-03-30 00:00:00','2018-03-30 00:00:00',NULL),(189,'120','11','1','1','2','2018-03-30 00:00:00','2018-03-30 00:00:00','2018-03-30 00:00:00','2018-03-30 00:00:00',NULL),(190,'121','12','1','1','1','2018-03-30 00:00:00','2018-03-30 00:00:00','2018-03-30 00:00:00','2018-03-30 00:00:00',NULL),(191,'122','29','1','1','1','2018-03-30 00:00:00','2018-03-30 00:00:00','2018-03-30 00:00:00','2018-03-30 00:00:00',NULL),(192,'123','123','0','2','2','2018-03-30 00:00:00','2018-03-30 00:00:00','2018-03-30 00:00:00','2018-03-30 00:00:00',NULL),(193,'123','124','0','2','2','2018-03-30 00:00:00','2018-03-30 00:00:00','2018-03-30 00:00:00','2018-03-30 00:00:00',NULL),(194,'123','125','1','2','2','2018-03-30 00:00:00','2018-03-30 00:00:00','2018-03-30 00:00:00','2018-03-30 00:00:00',NULL),(195,'123','126','0','2','2','2018-03-30 00:00:00','2018-03-30 00:00:00','2018-03-30 00:00:00','2018-03-30 00:00:00',NULL),(196,'124','12','1','1','2','2018-03-30 00:00:00','2018-03-30 00:00:00','2018-03-30 00:00:00','2018-03-30 00:00:00',NULL),(197,'125','127','1','1','1','2018-03-30 00:00:00','2018-03-30 00:00:00','2018-03-30 00:00:00','2018-03-30 00:00:00',NULL),(198,'126','11','1','3','2','2018-03-30 00:00:00','2018-03-30 00:00:00','2018-03-30 00:00:00','2018-03-30 00:00:00',NULL),(199,'127','11','1','2','2','2018-03-30 00:00:00','2018-03-30 00:00:00','2018-03-30 00:00:00','2018-03-30 00:00:00',NULL),(200,'128','128','1','3','1','2018-03-30 00:00:00','2018-03-30 00:00:00','2018-03-30 00:00:00','2018-03-30 00:00:00',NULL),(201,'129','232','1','3','1','2018-03-30 00:00:00','2018-03-30 00:00:00','2018-03-30 00:00:00','2018-03-30 00:00:00',NULL),(202,'130','11','1','2','2','2018-03-30 00:00:00','2018-03-30 00:00:00','2018-03-30 00:00:00','2018-03-30 00:00:00',NULL),(203,'131','11','1','2','2','2018-03-30 00:00:00','2018-03-30 00:00:00','2018-03-30 00:00:00','2018-03-30 00:00:00',NULL),(204,'132','129','1','1','2','2018-03-30 00:00:00','2018-03-30 00:00:00','2018-03-30 00:00:00','2018-03-30 00:00:00',NULL),(205,'132','130','0','1','2','2018-03-30 00:00:00','2018-03-30 00:00:00','2018-03-30 00:00:00','2018-03-30 00:00:00',NULL),(206,'132','131','0','1','2','2018-03-30 00:00:00','2018-03-30 00:00:00','2018-03-30 00:00:00','2018-03-30 00:00:00',NULL),(207,'132','132','0','1','2','2018-03-30 00:00:00','2018-03-30 00:00:00','2018-03-30 00:00:00','2018-03-30 00:00:00',NULL),(208,'133','133','0','2','2','2018-03-30 00:00:00','2018-03-30 00:00:00','2018-03-30 00:00:00','2018-03-30 00:00:00',NULL),(209,'133','134','0','2','2','2018-03-30 00:00:00','2018-03-30 00:00:00','2018-03-30 00:00:00','2018-03-30 00:00:00',NULL),(210,'133','135','0','2','2','2018-03-30 00:00:00','2018-03-30 00:00:00','2018-03-30 00:00:00','2018-03-30 00:00:00',NULL),(211,'133','136','1','2','2','2018-03-30 00:00:00','2018-03-30 00:00:00','2018-03-30 00:00:00','2018-03-30 00:00:00',NULL),(212,'134','137','0','1','2','2018-03-30 00:00:00','2018-03-30 00:00:00','2018-03-30 00:00:00','2018-03-30 00:00:00',NULL),(213,'134','138','0','1','2','2018-03-30 00:00:00','2018-03-30 00:00:00','2018-03-30 00:00:00','2018-03-30 00:00:00',NULL),(214,'134','139','0','1','2','2018-03-30 00:00:00','2018-03-30 00:00:00','2018-03-30 00:00:00','2018-03-30 00:00:00',NULL),(215,'134','140','1','1','2','2018-03-30 00:00:00','2018-03-30 00:00:00','2018-03-30 00:00:00','2018-03-30 00:00:00',NULL),(216,'135','141','0','1','2','2018-03-30 00:00:00','2018-03-30 00:00:00','2018-03-30 00:00:00','2018-03-30 00:00:00',NULL),(217,'135','142','1','1','2','2018-03-30 00:00:00','2018-03-30 00:00:00','2018-03-30 00:00:00','2018-03-30 00:00:00',NULL),(218,'135','143','0','1','2','2018-03-30 00:00:00','2018-03-30 00:00:00','2018-03-30 00:00:00','2018-03-30 00:00:00',NULL),(219,'135','144','0','1','2','2018-03-30 00:00:00','2018-03-30 00:00:00','2018-03-30 00:00:00','2018-03-30 00:00:00',NULL),(220,'136','145','0','2','2','2018-03-30 00:00:00','2018-03-30 00:00:00','2018-03-30 00:00:00','2018-03-30 00:00:00',NULL),(221,'136','146','0','2','2','2018-03-30 00:00:00','2018-03-30 00:00:00','2018-03-30 00:00:00','2018-03-30 00:00:00',NULL),(222,'136','147','0','2','2','2018-03-30 00:00:00','2018-03-30 00:00:00','2018-03-30 00:00:00','2018-03-30 00:00:00',NULL),(223,'136','148','1','2','2','2018-03-30 00:00:00','2018-03-30 00:00:00','2018-03-30 00:00:00','2018-03-30 00:00:00',NULL),(224,'137','11','1','2','2','2018-03-30 00:00:00','2018-03-30 00:00:00','2018-03-30 00:00:00','2018-03-30 00:00:00',NULL),(225,'138','233','1','2','1','2018-03-30 00:00:00','2018-03-30 00:00:00','2018-03-30 00:00:00','2018-03-30 00:00:00',NULL),(226,'139','11','1','1','2','2018-03-30 00:00:00','2018-03-30 00:00:00','2018-03-30 00:00:00','2018-03-30 00:00:00',NULL),(227,'140','234','1','2','1','2018-03-30 00:00:00','2018-03-30 00:00:00','2018-03-30 00:00:00','2018-03-30 00:00:00',NULL),(228,'141','237','0','2','2','2018-03-30 00:00:00','2018-03-30 00:00:00','2018-03-30 00:00:00','2018-03-30 00:00:00',NULL),(229,'141','235','0','2','2','2018-03-30 00:00:00','2018-03-30 00:00:00','2018-03-30 00:00:00','2018-03-30 00:00:00',NULL),(230,'141','236','1','2','2','2018-03-30 00:00:00','2018-03-30 00:00:00','2018-03-30 00:00:00','2018-03-30 00:00:00',NULL),(231,'141','238','0','2','2','2018-03-30 00:00:00','2018-03-30 00:00:00','2018-03-30 00:00:00','2018-03-30 00:00:00',NULL),(232,'142','12','1','3','2','2018-03-30 00:00:00','2018-03-30 00:00:00','2018-03-30 00:00:00','2018-03-30 00:00:00',NULL),(233,'144','12','1','1','1','2018-03-30 00:00:00','2018-03-30 00:00:00','2018-03-30 00:00:00','2018-03-30 00:00:00',NULL),(234,'143','239','0','1','1','2018-03-30 00:00:00','2018-03-30 00:00:00','2018-03-30 00:00:00','2018-03-30 00:00:00',NULL),(235,'143','240','0','1','1','2018-03-30 00:00:00','2018-03-30 00:00:00','2018-03-30 00:00:00','2018-03-30 00:00:00',NULL),(236,'143','241','0','1','1','2018-03-30 00:00:00','2018-03-30 00:00:00','2018-03-30 00:00:00','2018-03-30 00:00:00',NULL),(237,'143','242','1','1','1','2018-03-30 00:00:00','2018-03-30 00:00:00','2018-03-30 00:00:00','2018-03-30 00:00:00',NULL),(238,'145','244','0','2','2','2018-03-30 00:00:00','2018-03-30 00:00:00','2018-03-30 00:00:00','2018-03-30 00:00:00',NULL),(239,'145','245','0','2','2','2018-03-30 00:00:00','2018-03-30 00:00:00','2018-03-30 00:00:00','2018-03-30 00:00:00',NULL),(240,'145','246','1','2','2','2018-03-30 00:00:00','2018-03-30 00:00:00','2018-03-30 00:00:00','2018-03-30 00:00:00',NULL),(241,'145','247','0','2','2','2018-03-30 00:00:00','2018-03-30 00:00:00','2018-03-30 00:00:00','2018-03-30 00:00:00',NULL),(242,'147','150','0','2','2','2018-03-30 00:00:00','2018-03-30 00:00:00','2018-03-30 00:00:00','2018-03-30 00:00:00',NULL),(243,'147','151','1','2','2','2018-03-30 00:00:00','2018-03-30 00:00:00','2018-03-30 00:00:00','2018-03-30 00:00:00',NULL),(244,'147','152','0','2','2','2018-03-30 00:00:00','2018-03-30 00:00:00','2018-03-30 00:00:00','2018-03-30 00:00:00',NULL),(245,'148','150','0','2','2','2018-03-30 00:00:00','2018-03-30 00:00:00','2018-03-30 00:00:00','2018-03-30 00:00:00',NULL),(246,'148','151','1','2','2','2018-03-30 00:00:00','2018-03-30 00:00:00','2018-03-30 00:00:00','2018-03-30 00:00:00',NULL),(247,'148','152','0','2','2','2018-03-30 00:00:00','2018-03-30 00:00:00','2018-03-30 00:00:00','2018-03-30 00:00:00',NULL),(248,'146','11','1','1','2','2018-03-30 00:00:00','2018-03-30 00:00:00','2018-03-30 00:00:00','2018-03-30 00:00:00',NULL),(249,'149','153','0','1','2','2018-03-30 00:00:00','2018-03-30 00:00:00','2018-03-30 00:00:00','2018-03-30 00:00:00',NULL),(250,'149','154','0','1','2','2018-03-30 00:00:00','2018-03-30 00:00:00','2018-03-30 00:00:00','2018-03-30 00:00:00',NULL),(251,'149','155','0','1','2','2018-03-30 00:00:00','2018-03-30 00:00:00','2018-03-30 00:00:00','2018-03-30 00:00:00',NULL),(252,'149','156','1','1','2','2018-03-30 00:00:00','2018-03-30 00:00:00','2018-03-30 00:00:00','2018-03-30 00:00:00',NULL),(253,'150','157','0','1','2','2018-03-30 00:00:00','2018-03-30 00:00:00','2018-03-30 00:00:00','2018-03-30 00:00:00',NULL),(254,'150','158','0','1','2','2018-03-30 00:00:00','2018-03-30 00:00:00','2018-03-30 00:00:00','2018-03-30 00:00:00',NULL),(255,'150','45','0','1','2','2018-03-30 00:00:00','2018-03-30 00:00:00','2018-03-30 00:00:00','2018-03-30 00:00:00',NULL),(256,'150','159','1','1','2','2018-03-30 00:00:00','2018-03-30 00:00:00','2018-03-30 00:00:00','2018-03-30 00:00:00',NULL),(257,'151','160','0','1','2','2018-03-30 00:00:00','2018-03-30 00:00:00','2018-03-30 00:00:00','2018-03-30 00:00:00',NULL),(258,'151','161','0','1','2','2018-03-30 00:00:00','2018-03-30 00:00:00','2018-03-30 00:00:00','2018-03-30 00:00:00',NULL),(259,'151','162','1','1','2','2018-03-30 00:00:00','2018-03-30 00:00:00','2018-03-30 00:00:00','2018-03-30 00:00:00',NULL),(260,'151','163','0','1','2','2018-03-30 00:00:00','2018-03-30 00:00:00','2018-03-30 00:00:00','2018-03-30 00:00:00',NULL),(261,'152','14','0','1','2','2018-03-30 00:00:00','2018-03-30 00:00:00','2018-03-30 00:00:00','2018-03-30 00:00:00',NULL),(262,'152','163','1','1','2','2018-03-30 00:00:00','2018-03-30 00:00:00','2018-03-30 00:00:00','2018-03-30 00:00:00',NULL),(263,'152','164','0','1','2','2018-03-30 00:00:00','2018-03-30 00:00:00','2018-03-30 00:00:00','2018-03-30 00:00:00',NULL),(264,'152','165','0','1','2','2018-03-30 00:00:00','2018-03-30 00:00:00','2018-03-30 00:00:00','2018-03-30 00:00:00',NULL),(265,'153','157','1','1','2','2018-03-30 00:00:00','2018-03-30 00:00:00','2018-03-30 00:00:00','2018-03-30 00:00:00',NULL),(266,'153','158','0','1','2','2018-03-30 00:00:00','2018-03-30 00:00:00','2018-03-30 00:00:00','2018-03-30 00:00:00',NULL),(267,'153','44','0','1','2','2018-03-30 00:00:00','2018-03-30 00:00:00','2018-03-30 00:00:00','2018-03-30 00:00:00',NULL),(268,'153','158','0','1','2','2018-03-30 00:00:00','2018-03-30 00:00:00','2018-03-30 00:00:00','2018-03-30 00:00:00',NULL),(269,'154','45','1','1','2','2018-03-30 00:00:00','2018-03-30 00:00:00','2018-03-30 00:00:00','2018-03-30 00:00:00',NULL),(270,'154','158','0','1','2','2018-03-30 00:00:00','2018-03-30 00:00:00','2018-03-30 00:00:00','2018-03-30 00:00:00',NULL),(271,'154','167','0','1','2','2018-03-30 00:00:00','2018-03-30 00:00:00','2018-03-30 00:00:00','2018-03-30 00:00:00',NULL),(272,'154','168','0','1','2','2018-03-30 00:00:00','2018-03-30 00:00:00','2018-03-30 00:00:00','2018-03-30 00:00:00',NULL),(273,'155','169','1','1','1','2018-03-30 00:00:00','2018-03-30 00:00:00','2018-03-30 00:00:00','2018-03-30 00:00:00',NULL),(274,'156','170','1','2','1','2018-03-30 00:00:00','2018-03-30 00:00:00','2018-03-30 00:00:00','2018-03-30 00:00:00',NULL),(275,'157','171','1','2','1','2018-03-30 00:00:00','2018-03-30 00:00:00','2018-03-30 00:00:00','2018-03-30 00:00:00',NULL),(276,'158','172','0','1','2','2018-03-30 00:00:00','2018-03-30 00:00:00','2018-03-30 00:00:00','2018-03-30 00:00:00',NULL),(278,'158','173','0','1','2','2018-03-30 00:00:00','2018-03-30 00:00:00','2018-03-30 00:00:00','2018-03-30 00:00:00',NULL),(279,'158','174','1','1','2','2018-03-30 00:00:00','2018-03-30 00:00:00','2018-03-30 00:00:00','2018-03-30 00:00:00',NULL),(280,'158','175','0','1','2','2018-03-30 00:00:00','2018-03-30 00:00:00','2018-03-30 00:00:00','2018-03-30 00:00:00',NULL),(281,'159','176','0','2','2','2018-03-30 00:00:00','2018-03-30 00:00:00','2018-03-30 00:00:00','2018-03-30 00:00:00',NULL),(282,'159','177','0','2','2','2018-03-30 00:00:00','2018-03-30 00:00:00','2018-03-30 00:00:00','2018-03-30 00:00:00',NULL),(283,'159','178','1','2','2','2018-03-30 00:00:00','2018-03-30 00:00:00','2018-03-30 00:00:00','2018-03-30 00:00:00',NULL),(284,'159','179','0','2','2','2018-03-30 00:00:00','2018-03-30 00:00:00','2018-03-30 00:00:00','2018-03-30 00:00:00',NULL),(285,'160','180','0','1','2','2018-03-30 00:00:00','2018-03-30 00:00:00','2018-03-30 00:00:00','2018-03-30 00:00:00',NULL),(286,'160','181','1','1','2','2018-03-30 00:00:00','2018-03-30 00:00:00','2018-03-30 00:00:00','2018-03-30 00:00:00',NULL),(287,'160','182','0','1','2','2018-03-30 00:00:00','2018-03-30 00:00:00','2018-03-30 00:00:00','2018-03-30 00:00:00',NULL),(288,'160','183','0','1','2','2018-03-30 00:00:00','2018-03-30 00:00:00','2018-03-30 00:00:00','2018-03-30 00:00:00',NULL),(289,'161','184','1','1','1','2018-03-30 00:00:00','2018-03-30 00:00:00','2018-03-30 00:00:00','2018-03-30 00:00:00',NULL),(290,'162','184','1','1','1','2018-03-30 00:00:00','2018-03-30 00:00:00','2018-03-30 00:00:00','2018-03-30 00:00:00',NULL),(291,'163','185','1','1','1','2018-03-30 00:00:00','2018-03-30 00:00:00','2018-03-30 00:00:00','2018-03-30 00:00:00',NULL),(292,'164','185','1','1','1','2018-03-30 00:00:00','2018-03-30 00:00:00','2018-03-30 00:00:00','2018-03-30 00:00:00',NULL),(293,'165','185','1','2','1','2018-03-30 00:00:00','2018-03-30 00:00:00','2018-03-30 00:00:00','2018-03-30 00:00:00',NULL),(294,'166','185','1','1','1','2018-03-30 00:00:00','2018-03-30 00:00:00','2018-03-30 00:00:00','2018-03-30 00:00:00',NULL),(295,'167','184','1','2','1','2018-03-30 00:00:00','2018-03-30 00:00:00','2018-03-30 00:00:00','2018-03-30 00:00:00',NULL),(296,'168','184','1','2','1','2018-03-30 00:00:00','2018-03-30 00:00:00','2018-03-30 00:00:00','2018-03-30 00:00:00',NULL),(297,'171','184','1','2','1','2018-03-30 00:00:00','2018-03-30 00:00:00','2018-03-30 00:00:00','2018-03-30 00:00:00',NULL),(298,'172','185','1','2','1','2018-03-30 00:00:00','2018-03-30 00:00:00','2018-03-30 00:00:00','2018-03-30 00:00:00',NULL),(299,'173','185','1','2','1','2018-03-30 00:00:00','2018-03-30 00:00:00','2018-03-30 00:00:00','2018-03-30 00:00:00',NULL),(300,'174','184','1','2','1','2018-03-30 00:00:00','2018-03-30 00:00:00','2018-03-30 00:00:00','2018-03-30 00:00:00',NULL),(301,'175','184','1','2','1','2018-03-30 00:00:00','2018-03-30 00:00:00','2018-03-30 00:00:00','2018-03-30 00:00:00',NULL),(302,'176','185','1','1','1','2018-03-30 00:00:00','2018-03-30 00:00:00','2018-03-30 00:00:00','2018-03-30 00:00:00',NULL),(303,'177','184','1','1','1','2018-03-30 00:00:00','2018-03-30 00:00:00','2018-03-30 00:00:00','2018-03-30 00:00:00',NULL),(304,'178','185','1','2','1','2018-03-30 00:00:00','2018-03-30 00:00:00','2018-03-30 00:00:00','2018-03-30 00:00:00',NULL),(305,'179','185','1','1','1','2018-03-30 00:00:00','2018-03-30 00:00:00','2018-03-30 00:00:00','2018-03-30 00:00:00',NULL),(306,'180','185','1','1','1','2018-03-30 00:00:00','2018-03-30 00:00:00','2018-03-30 00:00:00','2018-03-30 00:00:00',NULL),(307,'181','184','1','2','1','2018-03-30 00:00:00','2018-03-30 00:00:00','2018-03-30 00:00:00','2018-03-30 00:00:00',NULL),(308,'182','184','1','2','1','2018-03-30 00:00:00','2018-03-30 00:00:00','2018-03-30 00:00:00','2018-03-30 00:00:00',NULL),(309,'183','184','1','2','1','2018-03-30 00:00:00','2018-03-30 00:00:00','2018-03-30 00:00:00','2018-03-30 00:00:00',NULL),(310,'184','185','1','2','1','2018-03-30 00:00:00','2018-03-30 00:00:00','2018-03-30 00:00:00','2018-03-30 00:00:00',NULL),(311,'185','185','1','2','1','2018-03-30 00:00:00','2018-03-30 00:00:00','2018-03-30 00:00:00','2018-03-30 00:00:00',NULL),(312,'186','11','1','1','1','2018-03-30 00:00:00','2018-03-30 00:00:00','2018-03-30 00:00:00','2018-03-30 00:00:00',NULL),(313,'187','186','1','1','2','2018-03-30 00:00:00','2018-03-30 00:00:00','2018-03-30 00:00:00','2018-03-30 00:00:00',NULL),(314,'187','187','0','1','2','2018-03-30 00:00:00','2018-03-30 00:00:00','2018-03-30 00:00:00','2018-03-30 00:00:00',NULL),(315,'188','185','1','2','1','2018-03-30 00:00:00','2018-03-30 00:00:00','2018-03-30 00:00:00','2018-03-30 00:00:00',NULL),(316,'189','188','0','1','2','2018-03-30 00:00:00','2018-03-30 00:00:00','2018-03-30 00:00:00','2018-03-30 00:00:00',NULL),(317,'189','189','1','1','2','2018-03-30 00:00:00','2018-03-30 00:00:00','2018-03-30 00:00:00','2018-03-30 00:00:00',NULL),(318,'189','190','0','1','2','2018-03-30 00:00:00','2018-03-30 00:00:00','2018-03-30 00:00:00','2018-03-30 00:00:00',NULL),(319,'189','191','0','1','2','2018-03-30 00:00:00','2018-03-30 00:00:00','2018-03-30 00:00:00','2018-03-30 00:00:00',NULL),(320,'190','192','1','1','2','2018-03-30 00:00:00','2018-03-30 00:00:00','2018-03-30 00:00:00','2018-03-30 00:00:00',NULL),(321,'191','193','0','1','2','2018-03-30 00:00:00','2018-03-30 00:00:00','2018-03-30 00:00:00','2018-03-30 00:00:00',NULL),(322,'191','194','1','1','2','2018-03-30 00:00:00','2018-03-30 00:00:00','2018-03-30 00:00:00','2018-03-30 00:00:00',NULL),(323,'191','195','0','1','2','2018-03-30 00:00:00','2018-03-30 00:00:00','2018-03-30 00:00:00','2018-03-30 00:00:00',NULL),(324,'191','196','0','1','2','2018-03-30 00:00:00','2018-03-30 00:00:00','2018-03-30 00:00:00','2018-03-30 00:00:00',NULL),(325,'192','197','0','2','2','2018-03-30 00:00:00','2018-03-30 00:00:00','2018-03-30 00:00:00','2018-03-30 00:00:00',NULL),(326,'192','198','0','2','2','2018-03-30 00:00:00','2018-03-30 00:00:00','2018-03-30 00:00:00','2018-03-30 00:00:00',NULL),(327,'192','199','0','2','2','2018-03-30 00:00:00','2018-03-30 00:00:00','2018-03-30 00:00:00','2018-03-30 00:00:00',NULL),(328,'192','200','1','2','2','2018-03-30 00:00:00','2018-03-30 00:00:00','2018-03-30 00:00:00','2018-03-30 00:00:00',NULL),(329,'193','201','0','1','2','2018-03-30 00:00:00','2018-03-30 00:00:00','2018-03-30 00:00:00',NULL,NULL),(330,'193','202','0','1','2','2018-03-30 00:00:00','2018-03-30 00:00:00','2018-03-30 00:00:00','2018-03-30 00:00:00',NULL),(331,'193','203','1','1','2','2018-03-30 00:00:00','2018-03-30 00:00:00','2018-03-30 00:00:00','2018-03-30 00:00:00',NULL),(332,'193','204','0','1','2','2018-03-30 00:00:00','2018-03-30 00:00:00','2018-03-30 00:00:00','2018-03-30 00:00:00',NULL),(333,'194','205','1','1','2','2018-03-30 00:00:00','2018-03-30 00:00:00','2018-03-30 00:00:00','2018-03-30 00:00:00',NULL),(334,'195','12','1','1','2','2018-03-30 00:00:00','2018-03-30 00:00:00','2018-03-30 00:00:00','2018-03-30 00:00:00',NULL),(335,'196','7','1','1','2','2018-03-30 00:00:00','2018-03-30 00:00:00','2018-03-30 00:00:00','2018-03-30 00:00:00',NULL),(336,'197','207','1','1','2','2018-03-30 00:00:00','2018-03-30 00:00:00','2018-03-30 00:00:00','2018-03-30 00:00:00',NULL),(337,'197','208','0','1','2','2018-03-30 00:00:00','2018-03-30 00:00:00','2018-03-30 00:00:00','2018-03-30 00:00:00',NULL),(338,'197','209','0','1','2','2018-03-30 00:00:00','2018-03-30 00:00:00','2018-03-30 00:00:00','2018-03-30 00:00:00',NULL),(339,'197','210','0','1','2','2018-03-30 00:00:00','2018-03-30 00:00:00','2018-03-30 00:00:00','2018-03-30 00:00:00',NULL),(340,'198','12','1','1','1','2018-03-30 00:00:00','2018-03-30 00:00:00','2018-03-30 00:00:00','2018-03-30 00:00:00',NULL),(341,'199','211','0','1','2','2018-03-30 00:00:00','2018-03-30 00:00:00','2018-03-30 00:00:00','2018-03-30 00:00:00',NULL),(342,'199','212','1','1','2','2018-03-30 00:00:00','2018-03-30 00:00:00','2018-03-30 00:00:00','2018-03-30 00:00:00',NULL),(343,'199','44','0','1','2','2018-03-30 00:00:00','2018-03-30 00:00:00','2018-03-30 00:00:00','2018-03-30 00:00:00',NULL),(344,'199','213','0','1','2','2018-03-30 00:00:00','2018-03-30 00:00:00','2018-03-30 00:00:00','2018-03-30 00:00:00',NULL),(346,'200','185','0','1','2','2018-03-30 00:00:00','2018-03-30 00:00:00','2018-03-30 00:00:00','2018-03-30 00:00:00',NULL),(347,'200','91','1','1','2','2018-03-30 00:00:00','2018-03-30 00:00:00','2018-03-30 00:00:00','2018-03-30 00:00:00',NULL),(348,'200','178','0','1','2','2018-03-30 00:00:00','2018-03-30 00:00:00','2018-03-30 00:00:00','2018-03-30 00:00:00',NULL),(349,'201','214','1','1','1','2018-03-30 00:00:00','2018-03-30 00:00:00','2018-03-30 00:00:00','2018-03-30 00:00:00',NULL),(350,'202','215','1','1','1','2018-03-30 00:00:00','2018-03-30 00:00:00','2018-03-30 00:00:00','2018-03-30 00:00:00',NULL),(351,'203','216','1','1','1','2018-03-30 00:00:00','2018-03-30 00:00:00','2018-03-30 00:00:00','2018-03-30 00:00:00',NULL),(352,'204','217','1','1','1','2018-03-30 00:00:00','2018-03-30 00:00:00','2018-03-30 00:00:00','2018-03-30 00:00:00',NULL),(353,'205','11','1','1','2','2018-03-30 00:00:00','2018-03-30 00:00:00','2018-03-30 00:00:00','2018-03-30 00:00:00',NULL),(354,'205','12','0','1','2','2018-03-30 00:00:00','2018-03-30 00:00:00','2018-03-30 00:00:00','2018-03-30 00:00:00',NULL),(355,'206','218','1','1','1','2018-03-30 00:00:00','2018-03-30 00:00:00','2018-03-30 00:00:00','2018-03-30 00:00:00',NULL),(356,'207','206','0','1','2','2018-03-30 00:00:00','2018-03-30 00:00:00','2018-03-30 00:00:00','2018-03-30 00:00:00',NULL),(357,'207','91','1','1','2','2018-03-30 00:00:00','2018-03-30 00:00:00','2018-03-30 00:00:00','2018-03-30 00:00:00',NULL),(358,'207','178','0','1','2','2018-03-30 00:00:00','2018-03-30 00:00:00','2018-03-30 00:00:00','2018-03-30 00:00:00',NULL),(359,'207','27','0','1','2','2018-03-30 00:00:00','2018-03-30 00:00:00','2018-03-30 00:00:00','2018-03-30 00:00:00',NULL),(360,'208','219','1','1','1','2018-03-30 00:00:00','2018-03-30 00:00:00','2018-03-30 00:00:00','2018-03-30 00:00:00',NULL),(361,'209','220','1','1','1','2018-03-30 00:00:00','2018-03-30 00:00:00','2018-03-30 00:00:00','2018-03-30 00:00:00',NULL),(362,'210','222','1','1','1','2018-03-30 00:00:00','2018-03-30 00:00:00','2018-03-30 00:00:00','2018-03-30 00:00:00',NULL),(363,'211','221','1','1','1','2018-03-30 00:00:00','2018-03-30 00:00:00','2018-03-30 00:00:00','2018-03-30 00:00:00',NULL),(364,'213','223','1','1','1','2018-03-30 00:00:00','2018-03-30 00:00:00','2018-03-30 00:00:00','2018-03-30 00:00:00',NULL),(365,'214','224','0','1','2','2018-03-30 00:00:00','2018-03-30 00:00:00','2018-03-30 00:00:00','2018-03-30 00:00:00',NULL),(366,'214','91','1','1','2','2018-03-30 00:00:00','2018-03-30 00:00:00','2018-03-30 00:00:00','2018-03-30 00:00:00',NULL),(367,'214','225','0','1','2','2018-03-30 00:00:00','2018-03-30 00:00:00','2018-03-30 00:00:00','2018-03-30 00:00:00',NULL),(368,'214','27','0','1','2','2018-03-30 00:00:00','2018-03-30 00:00:00','2018-03-30 00:00:00','2018-03-30 00:00:00',NULL),(369,'215','226','0','1','2','2018-03-30 00:00:00','2018-03-30 00:00:00','2018-03-30 00:00:00','2018-03-30 00:00:00',NULL),(370,'215','227','0','1','2','2018-03-30 00:00:00','2018-03-30 00:00:00','2018-03-30 00:00:00','2018-03-30 00:00:00',NULL),(371,'215','228','0','1','2','2018-03-30 00:00:00','2018-03-30 00:00:00','2018-03-30 00:00:00','2018-03-30 00:00:00',NULL),(372,'215','229','0','1','2','2018-03-30 00:00:00','2018-03-30 00:00:00','2018-03-30 00:00:00','2018-03-30 00:00:00',NULL),(373,'216','12','1','1','1','2018-03-30 00:00:00','2018-03-30 00:00:00','2018-03-30 00:00:00','2018-03-30 00:00:00',NULL),(374,'217','231','1','1','1','2018-03-30 00:00:00','2018-03-30 00:00:00','2018-03-30 00:00:00','2018-03-30 00:00:00',NULL),(375,'38','12','1','1','2','2018-03-30 00:00:00','2018-03-30 00:00:00','2018-03-30 00:00:00','2018-03-30 00:00:00',NULL),(376,'50','12','0','1','2','2018-03-30 00:00:00','2018-03-30 00:00:00','2018-03-30 00:00:00','2018-03-30 00:00:00',NULL),(377,'91','11','0','1','2','2018-03-30 00:00:00','2018-03-30 00:00:00','2018-03-30 00:00:00','2018-03-30 00:00:00',NULL),(378,'92','11','0','1','2','2018-03-30 00:00:00','2018-03-30 00:00:00','2018-03-30 00:00:00','2018-03-30 00:00:00',NULL),(379,'93','11','0','1','2','2018-03-30 00:00:00','2018-03-30 00:00:00','2018-03-30 00:00:00','2018-03-30 00:00:00',NULL),(380,'94','12','0','1','2','2018-03-30 00:00:00','2018-03-30 00:00:00','2018-03-30 00:00:00','2018-03-30 00:00:00',NULL),(381,'95','11','0','1','2','2018-03-30 00:00:00','2018-03-30 00:00:00','2018-03-30 00:00:00','2018-03-30 00:00:00',NULL),(382,'100','11','0','1','2','2018-03-30 00:00:00','2018-03-30 00:00:00','2018-03-30 00:00:00','2018-03-30 00:00:00',NULL),(383,'102','12','0','1','2','2018-03-30 00:00:00','2018-03-30 00:00:00','2018-03-30 00:00:00','2018-03-30 00:00:00',NULL),(384,'105','11','0','1','2','2018-03-30 00:00:00','2018-03-30 00:00:00','2018-03-30 00:00:00','2018-03-30 00:00:00',NULL),(385,'106','11','0','1','2','2018-03-30 00:00:00','2018-03-30 00:00:00','2018-03-30 00:00:00','2018-03-30 00:00:00',NULL),(386,'107','11','0','1','2','2018-03-30 00:00:00','2018-03-30 00:00:00','2018-03-30 00:00:00','2018-03-30 00:00:00',NULL),(387,'118','12','0','1','1','2018-03-30 00:00:00','2018-03-30 00:00:00','2018-03-30 00:00:00','2018-03-30 00:00:00',NULL),(388,'120','12','0','2','2','2018-03-30 00:00:00','2018-03-30 00:00:00','2018-03-30 00:00:00','2018-03-30 00:00:00',NULL),(389,'121','11','0','1','1','2018-03-30 00:00:00','2018-03-30 00:00:00','2018-03-30 00:00:00','2018-03-30 00:00:00',NULL),(390,'124','11','0','1','2','2018-03-30 00:00:00','2018-03-30 00:00:00','2018-03-30 00:00:00','2018-03-30 00:00:00',NULL),(391,'126','12','0','3','2','2018-03-30 00:00:00','2018-03-30 00:00:00','2018-03-30 00:00:00','2018-03-30 00:00:00',NULL),(392,'127','12','0','2','2','2018-03-30 00:00:00','2018-03-30 00:00:00','2018-03-30 00:00:00','2018-03-30 00:00:00',NULL),(393,'130','12','0','1','2','2018-03-30 00:00:00','2018-03-30 00:00:00','2018-03-30 00:00:00','2018-03-30 00:00:00',NULL),(394,'131','12','0','2','2','2018-03-30 00:00:00','2018-03-30 00:00:00','2018-03-30 00:00:00','2018-03-30 00:00:00',NULL),(395,'137','12','0','2','2','2018-03-30 00:00:00','2018-03-30 00:00:00','2018-03-30 00:00:00','2018-03-30 00:00:00',NULL),(396,'139','12','0','1','2','2018-03-30 00:00:00','2018-03-30 00:00:00','2018-03-30 00:00:00','2018-03-30 00:00:00',NULL),(397,'142','11','0','3','2','2018-03-30 00:00:00','2018-03-30 00:00:00','2018-03-30 00:00:00','2018-03-30 00:00:00',NULL),(398,'144','11','0','1','1','2018-03-30 00:00:00','2018-03-30 00:00:00','2018-03-30 00:00:00','2018-03-30 00:00:00',NULL),(399,'146','12','0','1','2','2018-03-30 00:00:00','2018-03-30 00:00:00','2018-03-30 00:00:00','2018-03-30 00:00:00',NULL),(400,'186','12','0','1','1','2018-03-30 00:00:00','2018-03-30 00:00:00','2018-03-30 00:00:00','2018-03-30 00:00:00',NULL),(401,'195','11','0','1','2','2018-03-30 00:00:00','2018-03-30 00:00:00','2018-03-30 00:00:00','2018-03-30 00:00:00',NULL),(402,'198','11','0','1','1','2018-03-30 00:00:00','2018-03-30 00:00:00','2018-03-30 00:00:00','2018-03-30 00:00:00',NULL),(403,'216','11','0','1','1','2018-03-30 00:00:00','2018-03-30 00:00:00','2018-03-30 00:00:00','2018-03-30 00:00:00',NULL),(404,'93','12','1','1','2','2018-03-30 00:00:00','2018-03-30 00:00:00','2018-03-30 00:00:00','2018-03-30 00:00:00',NULL),(405,'200','206','0','1','2','2018-03-30 00:00:00','2018-03-30 00:00:00','2018-03-30 00:00:00','2018-03-30 00:00:00',NULL),(406,'169','184','1','2','1','2018-03-30 00:00:00','2018-03-30 00:00:00','2018-03-30 00:00:00','2018-03-30 00:00:00',NULL),(407,'170','185','1','2','1','2018-03-30 00:00:00','2018-03-30 00:00:00','2018-03-30 00:00:00','2018-03-30 00:00:00',NULL),(408,'212','222','1','1','1','2018-03-30 00:00:00','2018-03-30 00:00:00','2018-03-30 00:00:00','2018-03-30 00:00:00',NULL),(409,'201','214','1','1','1','0000-00-00 00:00:00','2018-03-30 00:00:00','2018-03-30 00:00:00','2018-03-30 00:00:00',NULL),(415,'218','251','1','3','1','2018-07-15 12:34:56','2018-07-15 12:34:56','2018-07-15 12:34:56','2018-07-15 12:34:56',NULL);

/*Table structure for table `tb_quiz` */

DROP TABLE IF EXISTS `tb_quiz`;

CREATE TABLE `tb_quiz` (
  `id` int(11) NOT NULL AUTO_INCREMENT,
  `name` varchar(255) DEFAULT NULL,
  `description` varchar(255) DEFAULT NULL,
  `id_category` int(11) DEFAULT NULL,
  `id_matery` int(11) DEFAULT NULL,
  PRIMARY KEY (`id`)
) ENGINE=InnoDB AUTO_INCREMENT=219 DEFAULT CHARSET=latin1;

/*Data for the table `tb_quiz` */

insert  into `tb_quiz`(`id`,`name`,`description`,`id_category`,`id_matery`) values (1,'__________ adalah statement yang menginstruksikan computer untuk menampilkan informasi di layer computer','-',2,1),(2,'___________ adalah tipe data di Bahasa pemograman Python yang berisi kumpulan karakter','-',1,1),(4,'_________ digunakan untuk meminta inputan','-',1,1),(5,'____________ adalah fungsi untuk mengubah nilai dari non-integer menjadi integer','-',1,1),(6,'Ekspresi aritmatika yang dilingkupi ________  dievaluasi terlebih dahulu.','-',1,1),(7,'Sebuah objek ____________ menggambarkan informasi yang tersimpan dalam objek','-',1,1),(8,'Fungsi get_input adalah fungsi untuk meminta inputan dari user','-',1,1),(9,'Ekspresi aritmatika Python yang valid tanpa tanda kurung dievaluasi dari kiri ke kanan','-',1,1),(10,'Berikut ini adalah nama variabel tidak valid: 3g, 87 dan 2h.','-',1,1),(11,'Operator! = Adalah contoh dari operator relasional.','-',1,1),(12,'Nama variabel mengidentifikasi jenis informasi yang tersimpan dalam objek','-',1,1),(13,'Pada Python programmer harus mendeklarasikan tipe objek sebelum menggunakan objek di program.','-',1,1),(14,'Jika tanda kurung bersarang, ekspresi pada pasangan terdalam dievaluasi terlebih dahulu','-',1,1),(15,'Python memperlakukan nama variabel, a1 dan A1, sebagai variabel yang sama','-',1,1),(16,'Karakter backslash disebut escape sequence.','-',1,1),(17,'Operator relasional semuanya memiliki tingkat prioritas yang sama dan mengevaluasi dari kiri ke kanan','-',1,1),(18,'Kata kunci if dan else adalah contoh kata-kata  yang disediakan disebut Python _________','-',1,2),(19,'Pengulangan yang dikontrol  disebut _________ karena jumlah pengulangannya\r\ntidak diketahui sebelum looping mulai dijalankan.\r\n','-',1,3),(20,'Struktur if / elif / else adalah struktur __________','-',1,2),(21,'* adalah simbol untuk melakukan...','-',1,1),(22,'Di Pyhton Fungsi perulangan dapat menggunakan ____ dan while.','-',1,1),(23,'Kata kunci ___________ mewakili pernyataan kosong','-',1,1),(24,'fungsi untuk menampilkan informasi di layar komputer ....','-',1,1),(25,'fungsi input() bisa digunakan tanpa tampungan variabel.','-',1,1),(26,'Struktur penyeleksian if akan mengerjakan statement didalam if jika bernilai benar (true)','-',1,2),(27,'If/else adalah strukur penyeleksian yang tidak bercabang','-',1,2),(28,'Error logika yang fatal dikarenakan program yang dieksekusi dan mengeluarkan hasil yang salah','-',2,1),(29,'Struktur pengulangan menampilkan statement di dalam body ketika beberapa kondisi dalam perulangan bernilai benar','-',1,1),(30,'Fungsi float() mengubah argument menjadi nilai bulat','-',1,1),(31,'Operator eksponen ** dibaca dari kiri ke kanan','-',1,1),(32,'Fungsi yang memanggil range(1,10) mengembalikan urutan dari 1 sampai 10 ','-',2,3),(33,'Sentinel menggunakan variable counter(penghitung) untuk mengontrol angka setiap kali dieksekusi','-',1,3),(34,'Simbol = adalah untuk menyamakan/kesetaraan','-',1,1),(35,'Python menyediakan 3 jenis struktur pengulangan: while, do while and for','-',1,3),(36,'Ada berapa macam operator dalam Bahasa pemograman Pyhton _______','-',2,1),(37,'Operator ‘and’ ditulis dengan _______ ','-',1,1),(38,'Operator yang lebih dahulu dieksekusi % dibandingkan dengan *','-',1,1),(39,'syntax continue dan break hanya dapat dijalankan di dalam perulanangan','-',1,1),(40,'grade = 9\r\nsentinelValue = 0; \r\nif not grade == sentinelValue:\r\nprint \"The next grade is\", grade\r\n\r\nif grade != sentinelValue:\r\nprint \"The next grade is\", grade\r\n\r\nApakah kode pemograman diatas sama?\r\n','-',2,2),(42,'** adalah simbol untuk ...','-',1,1),(43,'Penambahan dalam perulangan disebut ________','-',1,3),(44,'Pengurangan dalam perulangan disebut ________','-',1,3),(45,'a**=2 dan a%=3 dapat dideklarasikan menjadi ________ dan __________','-',1,1),(46,'Apa keluaran dari program berikut\r\n\r\nValue1 = 5\r\nValue2 =2.5\r\nprint int ( Value1 )/ int (Value2)\r\n','-',1,1),(47,'Apa keluaran dari program berikut\r\n\r\nGrade = 75\r\nif Grade >75 :\r\n   print “Passed”\r\nelse :\r\n   print “FAILED”\r\nprint “Try Again”\r\n','-',1,2),(48,'Benar kah penulisan variable ini: And = 6','-',1,1),(49,'Benar kah penulisan variable di bawah ini:\r\n\r\n_nn = “hello”\r\n','-',1,1),(50,'Benar kah penulisan variable di bawah ini:\r\n\r\nPrint = 2.30\r\n','-',1,1),(51,'Ada berapa jenis if  ?','-',1,2),(52,'Simbol apakah yang digunakan agar kode pemograman yang memiliki beberapa garis  tidak dieksekusi ','-',1,1),(53,'Apakah yang tercetak ?\r\n\r\nprint “//”\r\n','-',1,1),(54,'< >  termasuk symbol operator __________','-',1,1),(55,'Format specifier untuk tipe data float adalah ____________','-',1,1),(56,'Format specifier untuk tipe data integer adalah ____________','-',1,1),(57,'Format specifier untuk tipe data string adalah ____________','-',1,1),(58,'Format specifier untuk tipe data double adalah ____________','-',1,1),(59,'Format specifier untuk data \"567.90\" adalah ____________','-',1,1),(60,'Format specifier  yang cocok untuk \'c\' adalah ____________','-',1,1),(61,'Apakah keluaran program berikut\r\n\r\nprint “\\””\r\n','-',1,1),(62,'Urutkan operator aritmatika yang paling tinggi tingkatannya ','-',1,1),(63,'raw_input di gunakan untuk ___________','-',1,1),(66,'Bagaimana cara mengubah variable yang bertipe data integer menjadi float?','-',1,1),(67,'Nama = “small”\r\n\r\nBagaimana mengubah variable Nama menjadi huruf capital ? \r\n','-',1,1),(68,'Number = “3.57”\r\n\r\nBagaimana cara membulatkan variable diatas\r\n','-',1,1),(69,'Mengambil Panjang dari suatu string menggunakan ....','-',1,1),(70,'Bagaimana menggabungkan 2 string','-',1,1),(71,'Pernyataan a = 7 % 4 akan menghasilkan a = ...','-',1,1),(72,'++ dan -- merupakan operator...','-',1,1),(73,'Kode untuk membuat baris baru adalah','-',1,1),(74,'Kode untuk melakukan tab adalah ….','-',1,1),(75,'Tipe data bahasa Python  untuk true false adalah…','-',1,1),(76,'Identifier yang digunakan untuk mengidentifikasi data yang nilainya sudah ditentukan, dan tidak dapat diubah saat program berjalan, disebut identifier…','-',1,1),(78,'operator logika yang menyatakan “atau” dalam lambang berikut ini adalah…','-',1,1),(79,' message = \'John Doe belajar bahasa python di Belajar python\'\nprint (\'message[1:4]: \', message[1:4])\nOutput dari source code diatas…','-',1,1),(80,'word= ‘Hello Python’ ,\nprint (word[4]) . Maka outputnya ...','-',1,1),(81,'magic= ‘Try to coding’\nprint (magic[7:12],magic[0:2]). Maka outputnya adalah .....\n','-',1,1),(82,'Untuk mebulatkan nilai kebawah maka menggunakan fungsi .....\n','-',1,1),(83,'fungsi lower adalah untuk mengubah huruf menjadi.... ','-',1,1),(84,'isAlpha() digunakan untuk mengecek .....','-',1,1),(85,'print (”Python” * 4), Statemen berikut menghasilkan output...','-',1,1),(86,'kata = \'PYTHON IS LANGUAGE\'\r\n>>> kata [4:] Menghasilkan output...','-',1,1),(87,'Yang manakah statement untuk mencetak Hello Pyhton yang benar','-',1,1),(88,'Print(“hello ”*3)\r\nApakah output dari code diatas\r\n','-',2,1),(89,'A = “5\\n5”\r\nApakah output dari code diatas\r\n','-',2,1),(90,'Apakah output dari program berikut\r\nPrint (“45”*2)\r\n','-',2,1),(91,'Operator  * , / dan % adalah operasi yang harus pertama kali dilakukan','-',2,1),(92,'String hanya dapat di letakan diantara doublequote.','-',2,1),(93,'Python tidak menggunakan kurung kurawal , melainkan kurung tutup ketika di conditional\r\n','-',2,1),(94,'Pyhton menggunakan titik dua ( : ) untuk melakukan statement di dalam conditional','-',2,2),(95,'Operator and akan dijalankan jika salah satu bernilai benar','-',2,1),(96,'Operator <> adalah operator ....','-',2,1),(97,'Print (a)\r\nApakah output dari program diatas\r\n','-',2,1),(98,'1.	 angka1 = 10\r\n2.	Print (angka1,” + “ ,angka2,samadengan,angka1+angka2)\r\n3.	Angka2=5\r\n4.	Samadengan=”=”\r\nManakah urutan yang benar agar menjadi program ?\r\n','-',2,1),(99,'Manakah yang merupakan escape character ... ','-',2,1),(100,'Sintak untuk mencetak adalah print(), Print dan PRINT()','-',2,1),(101,'Manakah yang merupakan format specifier','-',2,1),(102,'1.	p = 1\r\n2.	l = 5\r\n3.	print(p*l)\r\n4.	luas = panjang * lebar\r\nApakah benar program diatas\r\n','-',2,1),(103,'umur = 20               \r\nprint(umur)             \r\ntype(umur)\r\n\r\nApakah yang akan dicetak type() ______\r\n','-',2,1),(104,'Aturan pembuatan variable mana yang benar?','-',2,1),(105,'Variabel yang sama tidak boleh diisi tipe data yang berbeda','-',2,1),(106,'Untuk comment di python menggunakan # di depan dan di akhir kata yang akan di komentari','-',2,1),(107,'Boolean beri nilai “true” dan “false”	','-',2,1),(108,'A = 6.4\r\nX= int(A)\r\nprint(X)','-',2,1),(109,'Print (X*5)\r\nMaka outputnya adalah _______\r\n','-',2,1),(110,'A = 6\r\nX= float(A)\r\n\r\nPrint (X)\r\nMaka outputnya adalah _______','-',2,1),(111,'A = 9\r\nX= str(A)\r\n\r\nPrint (X)\r\nMaka outputnya adalah _______','-',2,1),(112,'Operator untuk melakukan pembilangan bulat adalah ___________	','-',2,1),(113,'Yang termasuk operator aritmatika adalah','-',2,1),(114,'print(13 + 2)\r\n\r\nMaka outputnya adalah\r\n','-',2,1),(115,'Operator perbandingan akan menghasilkan nilai benar dan salah','-',2,1),(116,'Operator != dan <> adalah operator tidak sama dengan','-',2,1),(117,'Yang bukan operator perbandingan adalah	','-',2,1),(118,'Operator a+=1,a*=4 adalah operator assignment	','-',2,1),(119,'Operator logika untuk not adalah ____','-',2,1),(120,'Operator or akan dijalan kan ketika salah satunya benar','-',2,1),(121,'Operator not diletakan sesudah kondisi ','-',2,1),(122,'Ada berapa operator logika ____','-',2,1),(123,'Urutan multi conditional yang benar adalah ….','-',2,2),(124,'Conditional hanya dapat diisi oleh operator logika dan operator perbandingan. ','-',2,2),(125,'.______ = 0\r\nwhile (count < 9):\r\n    print (\'The count is:\', count)\r\n    count = count + 1\r\nIsi dari kolom yang kosong adalah____\r\n','-',2,3),(126,'Dalam for pada Python memiliki kemampuan untuk mengulangi item dari urutan apapun, seperti list atau string','-',2,3),(127,'Perulangan while dan for sama. ','-',2,3),(128,'i = 2\r\nwhile(i < 100):\r\n    j = 2\r\n    while(j <= (i/j)):\r\n        if not(i%j): break\r\n        j = j + 1\r\n    if (j > i/j) : print(i\r\n    i = i + 1\r\n\r\nprint \"Good bye!\"\r\n\r\nCode diatas akan mencetak ? _______ \r\n','-',2,3),(129,'message = \'Hello World\'\r\nprint (\"Updated String :- \", message[0:6] + \'Python\')\r\nCode diatas salah atau menghasilkan error (salah)\r\n','-',1,2),(130,'Join() digunakan untuk menggabungkan string dan terdapat pemisah (benar)\r\n\r\n','-',1,1),(131,'.“”” digunakan untuk string yang melebihi satu baris ','-',2,1),(132,'Apakah fungsi dari tipe data string?	','-',2,1),(133,'Mengapa program bahasa pyhton bersifat case sensitive?','-',2,1),(134,'Dibawah ini merupakan operator aritmatika, kecuali....','-',2,1),(135,'Increment adalah....','-',2,3),(136,'for i in range(x,y,z):\r\n    print i\r\nUrutab x,y,z yang benar adalah….\r\n','-',2,3),(137,'Perulangan yang dapat melakukan sentinel hanya while. (true)','-',2,3),(138,'x = 0 \r\nwhile x < 10: \r\n(TAB)  x = x + 1 \r\nprint x\r\nYang akan dicetak adalah _______\r\n','-',2,3),(139,'Dalam Bahasa python tab dibutuhkan untuk membedakan statement yang masuk ketika dikondisi tertentu','-',2,2),(140,'x = 0 \r\nwhile x < 10: \r\n	If (x==5)\r\n	   continue\r\n(TAB)x = x + 1 \r\nprint x\r\nYang akan dicetak adalah _______\r\n\r\n','-',2,3),(141,'x = 1\r\n      if x == 1:\r\n    		print \"x tetap Bernilai 5\"\r\nApakah  yang salah dari kodingan diatas\r\n','-',2,2),(142,'y = 1\r\nwhile y <= 20:\r\n    if y % 2 == 0:\r\n        print y\r\n    y = y + 1\r\nprint \"Sudah Selesai\"\r\nProgram diatas untuk mencetak angka yang ganjil \r\n','-',2,3),(143,'x = 6\r\nif x > 10:\r\n    print \"Kondisi Benar\"\r\nelif x < 5:\r\n    print \"Kondisi Salah\"\r\nelse:    print \"Kondisi Tengah\"\r\n\r\nTanda colon ( : ) dapat diganti menjadi\r\n','-',2,2),(144,'Elif boleh digunakan tanpa if ','-',1,2),(145,'y = 1\r\nwhile y <= 50:\r\n    if y ___ 2==0  ____ y ____ 5:\r\n        print “angka tidak sama dengan lima dan bukan kelipatan 2\r\n    y = y + 1\r\nAgar  program diatas memiliki logic yang benar maka operator yang benar adalah..\r\n','-',2,2),(146,'Persamaan Operator  * dan  ** adalah  sama-sama melakukan perkalian','-',2,1),(147,'x=8\r\n        If x >5 and x  < 8  or x > 7 :  (---3)  :\r\n	Print “benar x lebih dari lima” #statementt1\r\n        Print “selesai” #statement2\r\nApakah yang akan dicetak jika \r\n','-',1,2),(148,'x=-7\r\n        If x <= 5 and x  < 8  or x > 7 :  (---3)   :\r\n	Print “benar x lebih dari lima” #statementt1\r\n	Break\r\n        Print “selesai” #statement2\r\nApakah yang akan dicetak jika \r\n','-',2,2),(149,'Berikut pendeklaran dan inisialisai yang benar untuk mengisi variable dengan tanggal adalah\r\n','-',1,1),(150,'Tipe data berikut akan memberi nilai output, kecuali....','-',1,1),(151,'Dibawah ini yang merupakan tipe data dalam python …. ','-',1,1),(152,'Identifier yang digunakan untuk mengidentifikasi data yang nilainya sudah ditentukan. Dan tidak dapat dirubah saat program berjalan, disebut?','-',1,1),(153,'Dibawah ini merupakan tipe data bilangan bulat....','-',2,1),(154,'Dibawah ini merupakan  tipe data yang bersifat numerik, kecuali....','-',2,1),(155,'quotient = 11./2 jawabannya adalah….. ','-',2,1),(156,'jawab = 13./3. jawabannya adalah…  ','-',2,1),(157,'result = 5/4. jawabannya adalah … ','-',1,1),(158,'Untuk mengisi variable multi baris maka menggunakan karakter','-',1,1),(159,'str=”abc”\r\ntam = int(age)\r\nApa isi dari variable tam?\r\n','-',1,1),(160,'Konversi type data yang benar, kecuali ....','-',1,1),(161,'nilai = 200 == (4* 50) . nilai berisi ……','-',2,1),(162,'Nilai =-18 >= -18 ,\r\nnilai berisi ……\r\n','-',2,1),(163,'Nilai = 79 != (78 + 1) ,\r\nNilai berisi ...','-',2,1),(164,'Nilai = (20 - 9) > 14 ,\r\nNilai berisi …….\r\n','-',1,1),(165,'Nilai = (540 + 17) == 3**16 ,\r\nNilai berisi ………\r\n','-',2,1),(166,'Nilai = 1**2 <= -1 ,\r\nNilai berisi ………..\r\n','-',1,1),(167,'Nilai = 43 * 4 >= -174\r\nNilai berisi ………..\r\n','-',2,1),(168,'Nilai = 100 != 10**2 \r\nNilai berisi ……….\r\n','-',1,1),(169,'New_value = -(-(-(-2))) == -2 and –(-4 >= 16 ** 0.5)\r\nNew_value berisi ………………\r\n','-',2,1),(170,'Var = 17 % 4 != 700 / 10 / 10 and False\r\nVar berisi ….. \r\n','-',1,1),(171,'Val = -(2 ** 2) < 2 ** 0 and 10 % 10 <= 20 - 10 * 2\r\nVal berisi …… \r\n','-',2,1),(172,'Data = 1 ** 8 == 108 % 100 or \'Cleese\' == \'King Arthur\'\r\nData berisi …… \r\n','-',1,1),(173,'Content = 100 ** 0.5 >= 50 or False\r\nContent berisi …… \r\n','-',1,1),(174,'Op = 1 ** 50 == 50 ** 1 or 3 * 2 * 1 != 3 + 2 + 1\r\nOp berisi …………..\r\n','-',2,1),(175,'Variable = not 3 ** 2 < 2 ** 3 --2\r\nVariabel berisi ….\r\n','-',1,1),(176,'bool_one = not True\r\nbool_one berisi ….. \r\n','-',1,1),(177,'bool_three = not 10 % 3 <= 10 % 2, bool_three berisi ....','-',2,1),(178,'bool_four = not 3 ** 2 + 4 ** 2 != 5 ** 2 ----2\r\nbool_four berisi ………','-',2,1),(179,'bool_five = not not False\r\nbool_ five berisi ……….. \r\n','-',1,1),(180,'bool_one = False or not True and True, bool_one berisi ....','-',2,1),(181,'bool_two = False and not True or True, boolt_two berisi ...','-',2,1),(182,'bool_three = True and not (False or False), bool_three berisi ...','-',1,1),(183,'bool_four = not not True or False and not True , bool_four berisi ...','-',1,1),(184,'bool_five = False or not (True and True)','-',2,1),(185,'bool_one = (2 <= 2) and \"Alpha\" == \"Bravo\" , bool_one berisi ...','-',2,1),(186,'Syntax else selalu di letakan terakhir .\r\n\r\n','-',1,2),(187,'answer = \"\'Tis but a scratch!\"\r\nif answer == \"\'Tis but a scratch!\":   # IF1\r\n        var =  True\r\n    else:             \r\n        var =  False\r\n\r\nif answer == \"Go away, or I shall taunt you a second time!\": #IF2\r\n        var =   True\r\n    else:           ','-',1,2),(188,'answer = \"\'Tis but a scratch!\"\r\nif answer == \"\'Tis but a scratch!\":   # IF1\r\n        var =  True\r\n    else:             \r\n        var =  False\r\n\r\nif answer == \"Go away, or I shall taunt you a second time!\": #IF2\r\n        var =   True\r\n    else:           ','-',2,2),(189,'if 8 > 9:\r\n  print \"I don\'t get printed!\"\r\nif 8 < 9:\r\n  print \"I get printed!\"\r\nif 8 > =10 :\r\n  print \"I also don\'t get printed!\"\r\n\r\nMaka outputnya ….\r\n','-',1,2),(190,'Elif singkatan dari ….. ','-',1,2),(191,'Answer =  9\r\n if answer _____ 5:\r\n        a = 1\r\n    elif answer _____   5:          \r\n        a =  -1\r\n    else:\r\n        return 0\r\nTanda yang tepat sehingga a berisi -1 …\r\n','-',2,2),(192,'grade = 0    \r\nIf   _______:\r\n        return \"A\"\r\n    elif grade >= 80:\r\n        return \"B\"\r\n    elif grade >= 70:\r\n        return \"C\"\r\n    elif grade >= 65:\r\n        return \"D\"\r\n    else:\r\n        return \"F\"\r\n\r\nKondisi yang diatas diisi  grade lebih dari','-',2,2),(193,'Berikut source code yang benar untuk meminta inputan ....','-',1,2),(194,'length = len(“empty string”)\r\nMaka isi dari variable length adalah ….\r\n','-',2,1),(195,'Index pertama dimulai oleh angka ….','-',2,1),(196,'original = ________ (\"Enter a word: \")\r\nif len(original) > 0 : \r\n       print original\r\nelse :\r\n      print \"empty\"\r\n\r\nIsi syntax diatas …….\r\n','-',2,2),(197,'original = “Learning Python”\r\nif len(original) _______ 0  : \r\n       print original\r\nelse :\r\n      print \"empty\"\r\n\r\nKondisi yang tepat untuk melengkapi soal diatas ….\r\n','-',2,2),(198,'Cara menggunakan isalpha adalah, x=  isalpha(“hi”)','-',2,1),(199,'Apakah nilai yang akan dikembalikan dari isalpha() ...','-',1,1),(200,'Apakah yang akan dikembalikan oleh x=  isalpha(“123”) …','-',1,1),(201,'the_string = \"Hello\"\r\nthe_string = the_string.lower()\r\n\r\nIsi dari the_string adalah ….\r\n','-',1,1),(202,'greeting = \"Hello \"\r\nname = \"D. Y.\"\r\nwelcome = greeting + name\r\n\r\nIsi  dari variable welcome adalah … \r\n','-',2,1),(203,'s = \"Charlie\"\r\n\r\nprint s[1]\r\n\r\nProgram akan mencetak ……\r\n','-',1,1),(204,'s = \"Charlie\"\r\n\r\nprint s[3:]\r\nProgram akan mencetak …… \r\n','-',2,1),(205,'s[1:len(new_word)]  dan s[1:] akan memiliki isi yang sama benar','-',2,1),(206,'x = (-8+3)*8(-5) , Nilai x adalah ...','-',1,1),(207,'1/0,\r\nMaka hasilnya adalah …\r\n','-',2,1),(208,'Num = 6*6.0, Maka Num  berisi ....','-',1,1),(209,'Var = 2182 + 4 + 6. 0 , , Maka Var  berisi …','-',1,1),(210,'Xyz = 16**0.5,  Maka Xyz = ….. ','-',2,1),(211,'Rate = 30//7, Maka Rate = ….  ','-',1,1),(212,'Result = 1.6 % 0.4, maka Result = …','-',2,1),(213,'Print (“hello” + “ “+world)','-',2,1),(214,'tamp = 1 + “4” + 30, Maka isi tamp = … ','-',2,1),(215,'Baris mana yang error ....','-',1,1),(216,'print (‘6’*’3’) akan mencetak 18 ','-',1,1),(217,'print (int(“10”)+ int(“4”)) .\r\nMaka program akan mencetak … \r\n','-',2,1),(218,'Test Membuat soal baru (sudah di edit)',NULL,1,1);

/*Table structure for table `tb_resultessay` */

DROP TABLE IF EXISTS `tb_resultessay`;

CREATE TABLE `tb_resultessay` (
  `id` int(11) NOT NULL AUTO_INCREMENT,
  `id_user` int(11) DEFAULT NULL,
  `id_essay` int(11) DEFAULT NULL,
  `jawaban` varchar(255) DEFAULT NULL,
  `nilai` int(11) DEFAULT NULL,
  `latihan_ke` varchar(255) DEFAULT NULL,
  `id_korektor` int(11) DEFAULT NULL,
  `timeopen` varchar(255) DEFAULT NULL,
  `timeupdate` varchar(255) DEFAULT NULL,
  `pathName` varchar(255) DEFAULT NULL,
  PRIMARY KEY (`id`),
  KEY `FK_tb_resultessay` (`id_essay`),
  KEY `FK_tb_resultessaycorrect` (`id_korektor`),
  KEY `FK_tb_resultessayuser` (`id_user`),
  CONSTRAINT `FK_tb_resultessay` FOREIGN KEY (`id_essay`) REFERENCES `tb_essay` (`id`),
  CONSTRAINT `FK_tb_resultessaycorrect` FOREIGN KEY (`id_korektor`) REFERENCES `tb_user` (`id`),
  CONSTRAINT `FK_tb_resultessayuser` FOREIGN KEY (`id_user`) REFERENCES `tb_user` (`id`)
) ENGINE=InnoDB DEFAULT CHARSET=latin1;

/*Data for the table `tb_resultessay` */

/*Table structure for table `tb_resultexercise` */

DROP TABLE IF EXISTS `tb_resultexercise`;

CREATE TABLE `tb_resultexercise` (
  `id` int(11) NOT NULL AUTO_INCREMENT,
  `id_collerger` int(11) DEFAULT NULL,
  `id_matery` int(11) DEFAULT NULL,
  `id_qa` int(11) DEFAULT NULL,
  `status` int(11) DEFAULT NULL,
  `short_answer` varchar(255) DEFAULT NULL,
  `timeopen` varchar(255) DEFAULT NULL,
  `timeclose` varchar(255) DEFAULT NULL,
  `timecreated` varchar(255) DEFAULT NULL,
  `timemodified` varchar(255) DEFAULT NULL,
  `poin` int(11) DEFAULT NULL,
  `id_category` int(11) DEFAULT NULL,
  PRIMARY KEY (`id`),
  KEY `FK_tb_resultexercise` (`id_qa`),
  KEY `FK_tb_resultexercisemtr` (`id_matery`),
  KEY `FK_tb_resultexercisectr` (`id_category`),
  KEY `FK_tb_resultexerciseclg` (`id_collerger`),
  CONSTRAINT `FK_tb_resultexercise` FOREIGN KEY (`id_qa`) REFERENCES `tb_qa` (`id`),
  CONSTRAINT `FK_tb_resultexerciseclg` FOREIGN KEY (`id_collerger`) REFERENCES `tb_user` (`id`),
  CONSTRAINT `FK_tb_resultexercisectr` FOREIGN KEY (`id_category`) REFERENCES `tb_category` (`id`),
  CONSTRAINT `FK_tb_resultexercisemtr` FOREIGN KEY (`id_matery`) REFERENCES `tb_matery` (`id`)
) ENGINE=InnoDB AUTO_INCREMENT=59 DEFAULT CHARSET=latin1;

/*Data for the table `tb_resultexercise` */

insert  into `tb_resultexercise`(`id`,`id_collerger`,`id_matery`,`id_qa`,`status`,`short_answer`,`timeopen`,`timeclose`,`timecreated`,`timemodified`,`poin`,`id_category`) values (1,1,1,96,0,'float','2018-07-03 17:39:22','2018-07-03 17:39:22','2018-07-03 17:39:22','2018-07-03 17:39:22',0,1),(2,1,1,111,1,'\\n','2018-07-03 17:39:29','2018-07-03 17:39:29','2018-07-03 17:39:29','2018-07-03 17:39:29',1,1),(3,1,1,10,0,'int()','2018-07-03 17:39:37','2018-07-03 17:39:37','2018-07-03 17:39:37','2018-07-03 17:39:37',0,1),(4,1,1,99,1,NULL,'2018-07-03 17:39:44','2018-07-03 17:39:44','2018-07-03 17:39:44','2018-07-03 17:39:44',1,1),(5,1,1,106,1,'ceil','2018-07-03 17:39:49','2018-07-03 17:39:49','2018-07-03 17:39:49','2018-07-03 17:39:49',1,1),(6,1,1,96,0,'%f','2018-07-03 17:40:11','2018-07-03 17:40:11','2018-07-03 17:40:11','2018-07-03 17:40:11',0,1),(7,1,1,111,1,'\\n','2018-07-03 17:40:15','2018-07-03 17:40:15','2018-07-03 17:40:15','2018-07-03 17:40:15',1,1),(8,1,1,10,0,'int()','2018-07-03 17:40:20','2018-07-03 17:40:20','2018-07-03 17:40:20','2018-07-03 17:40:20',0,1),(9,1,1,99,1,NULL,'2018-07-03 17:40:23','2018-07-03 17:40:23','2018-07-03 17:40:23','2018-07-03 17:40:23',1,1),(10,1,1,106,1,'ceil','2018-07-03 17:40:31','2018-07-03 17:40:31','2018-07-03 17:40:31','2018-07-03 17:40:31',1,1),(11,3,1,111,1,'\\n','2018-07-03 17:41:28','2018-07-03 17:41:28','2018-07-03 17:41:28','2018-07-03 17:41:28',1,1),(12,3,1,83,1,NULL,'2018-07-03 17:41:35','2018-07-03 17:41:35','2018-07-03 17:41:35','2018-07-03 17:41:35',1,1),(13,3,1,99,1,NULL,'2018-07-03 17:41:38','2018-07-03 17:41:38','2018-07-03 17:41:38','2018-07-03 17:41:38',1,1),(14,3,1,108,1,'join','2018-07-03 17:41:45','2018-07-03 17:41:45','2018-07-03 17:41:45','2018-07-03 17:41:45',1,1),(15,3,1,106,0,'float','2018-07-03 17:41:49','2018-07-03 17:41:49','2018-07-03 17:41:49','2018-07-03 17:41:49',0,1),(16,3,1,111,1,'\\n','2018-07-03 17:42:15','2018-07-03 17:42:15','2018-07-03 17:42:15','2018-07-03 17:42:15',1,1),(17,3,1,83,1,NULL,'2018-07-03 17:42:18','2018-07-03 17:42:18','2018-07-03 17:42:18','2018-07-03 17:42:18',1,1),(18,3,1,99,1,NULL,'2018-07-03 17:42:21','2018-07-03 17:42:21','2018-07-03 17:42:21','2018-07-03 17:42:21',1,1),(19,3,1,108,1,'join','2018-07-03 17:42:25','2018-07-03 17:42:25','2018-07-03 17:42:25','2018-07-03 17:42:25',1,1),(20,3,1,106,0,'float','2018-07-03 17:42:28','2018-07-03 17:42:28','2018-07-03 17:42:28','2018-07-03 17:42:28',0,1),(21,2,1,111,1,'\\n','2018-07-03 17:43:11','2018-07-03 17:43:11','2018-07-03 17:43:11','2018-07-03 17:43:11',1,1),(22,2,1,123,0,'LANGUAGE','2018-07-03 17:43:18','2018-07-03 17:43:18','2018-07-03 17:43:18','2018-07-03 17:43:18',0,1),(23,2,1,99,1,NULL,'2018-07-03 17:43:21','2018-07-03 17:43:21','2018-07-03 17:43:21','2018-07-03 17:43:21',1,1),(24,2,1,296,0,'truE','2018-07-03 17:43:31','2018-07-03 17:43:31','2018-07-03 17:43:31','2018-07-03 17:43:31',0,1),(25,2,1,106,1,'ceil','2018-07-03 17:43:37','2018-07-03 17:43:37','2018-07-03 17:43:37','2018-07-03 17:43:37',1,1),(26,2,1,111,1,'\\n','2018-07-03 17:44:10','2018-07-03 17:44:10','2018-07-03 17:44:10','2018-07-03 17:44:10',1,1),(27,2,1,123,0,'LANGUAGE','2018-07-03 17:44:16','2018-07-03 17:44:16','2018-07-03 17:44:16','2018-07-03 17:44:16',0,1),(28,2,1,99,1,NULL,'2018-07-03 17:44:19','2018-07-03 17:44:19','2018-07-03 17:44:19','2018-07-03 17:44:19',1,1),(29,2,1,296,0,'truE','2018-07-03 17:44:28','2018-07-03 17:44:28','2018-07-03 17:44:28','2018-07-03 17:44:28',0,1),(30,2,1,106,1,'ceil','2018-07-03 17:44:34','2018-07-03 17:44:34','2018-07-03 17:44:34','2018-07-03 17:44:34',1,1),(31,2,1,111,1,'\\n','2018-07-03 17:44:52','2018-07-03 17:44:52','2018-07-03 17:44:52','2018-07-03 17:44:52',1,1),(32,2,1,123,1,'onislanguage','2018-07-03 17:45:48','2018-07-03 17:45:48','2018-07-03 17:45:48','2018-07-03 17:45:48',1,1),(33,2,1,99,1,NULL,'2018-07-03 17:45:51','2018-07-03 17:45:51','2018-07-03 17:45:51','2018-07-03 17:45:51',1,1),(34,2,1,296,1,'true','2018-07-03 17:46:48','2018-07-03 17:46:48','2018-07-03 17:46:48','2018-07-03 17:46:48',1,1),(35,2,1,106,1,'ceil','2018-07-03 17:46:53','2018-07-03 17:46:53','2018-07-03 17:46:53','2018-07-03 17:46:53',1,1),(36,2,1,273,0,'1','2018-07-04 09:10:42','2018-07-04 09:10:42','2018-07-04 09:10:42','2018-07-04 09:10:42',0,2),(37,2,1,366,1,NULL,'2018-07-04 09:11:42','2018-07-04 09:11:42','2018-07-04 09:11:42','2018-07-04 09:11:42',1,2),(38,2,1,111,1,'\\n','2018-07-04 09:17:09','2018-07-04 09:17:09','2018-07-04 09:17:09','2018-07-04 09:17:09',1,1),(39,2,1,111,1,'\\n','2018-07-04 09:17:13','2018-07-04 09:17:13','2018-07-04 09:17:13','2018-07-04 09:17:13',1,1),(44,1,1,32,0,NULL,'2018-07-06 21:49:35','2018-07-06 21:49:35','2018-07-06 21:49:35','2018-07-06 21:49:35',0,1),(45,1,1,11,1,'()','2018-07-06 21:49:42','2018-07-06 21:49:42','2018-07-06 21:49:42','2018-07-06 21:49:42',1,1),(46,1,1,109,1,'3','2018-07-06 21:49:48','2018-07-06 21:49:48','2018-07-06 21:49:48','2018-07-06 21:49:48',1,1),(47,1,1,299,0,'False','2018-07-06 21:50:02','2018-07-06 21:50:02','2018-07-06 21:50:02','2018-07-06 21:50:02',0,1),(48,1,1,77,1,'pangkat','2018-07-06 21:50:06','2018-07-06 21:50:06','2018-07-06 21:50:06','2018-07-06 21:50:06',1,1),(58,1,1,188,0,'<>','2018-08-03 20:14:34','2018-08-03 20:14:34','2018-08-03 20:14:34','2018-08-03 20:14:34',0,2);

/*Table structure for table `tb_resultquiz` */

DROP TABLE IF EXISTS `tb_resultquiz`;

CREATE TABLE `tb_resultquiz` (
  `id` int(11) NOT NULL AUTO_INCREMENT,
  `id_colleger` int(11) DEFAULT NULL,
  `id_matery` int(11) DEFAULT NULL,
  `score` int(11) DEFAULT NULL,
  `idknowledge` int(11) DEFAULT NULL,
  `id_category` int(11) DEFAULT NULL,
  PRIMARY KEY (`id`),
  KEY `FK_tb_resultquiz` (`id_category`),
  KEY `FK_tb_resultquizus` (`id_colleger`),
  KEY `FK_tb_resultquizmtr` (`id_matery`),
  KEY `FK_tb_resultquizkn` (`idknowledge`),
  CONSTRAINT `FK_tb_resultquiz` FOREIGN KEY (`id_category`) REFERENCES `tb_category` (`id`),
  CONSTRAINT `FK_tb_resultquizkn` FOREIGN KEY (`idknowledge`) REFERENCES `tb_knowledge` (`id`),
  CONSTRAINT `FK_tb_resultquizmtr` FOREIGN KEY (`id_matery`) REFERENCES `tb_matery` (`id`),
  CONSTRAINT `FK_tb_resultquizus` FOREIGN KEY (`id_colleger`) REFERENCES `tb_user` (`id`)
) ENGINE=InnoDB AUTO_INCREMENT=9 DEFAULT CHARSET=latin1;

/*Data for the table `tb_resultquiz` */

insert  into `tb_resultquiz`(`id`,`id_colleger`,`id_matery`,`score`,`idknowledge`,`id_category`) values (1,1,1,42,2,1),(2,1,1,42,2,1),(3,3,1,63,2,1),(4,3,1,63,2,1),(5,2,1,42,2,1),(6,2,1,42,2,1),(7,2,1,83,3,1),(8,1,1,42,2,1);

/*Table structure for table `tb_resultquiz_after` */

DROP TABLE IF EXISTS `tb_resultquiz_after`;

CREATE TABLE `tb_resultquiz_after` (
  `id` int(11) NOT NULL AUTO_INCREMENT,
  `id_colleger` int(11) DEFAULT NULL,
  `id_matery` int(11) DEFAULT NULL,
  `score` int(11) DEFAULT NULL,
  `idknowledge` int(11) DEFAULT NULL,
  `id_category` int(11) DEFAULT NULL,
  PRIMARY KEY (`id`),
  KEY `FK_tb_resultquiz_afterclg` (`id_colleger`),
  KEY `FK_tb_resultquiz_aftermtr` (`id_matery`),
  KEY `FK_tb_resultquiz_afterctr` (`id_category`),
  KEY `FK_tb_resultquiz_after` (`idknowledge`),
  CONSTRAINT `FK_tb_resultquiz_after` FOREIGN KEY (`idknowledge`) REFERENCES `tb_knowledge` (`id`),
  CONSTRAINT `FK_tb_resultquiz_afterclg` FOREIGN KEY (`id_colleger`) REFERENCES `tb_user` (`id`),
  CONSTRAINT `FK_tb_resultquiz_afterctr` FOREIGN KEY (`id_category`) REFERENCES `tb_category` (`id`),
  CONSTRAINT `FK_tb_resultquiz_aftermtr` FOREIGN KEY (`id_matery`) REFERENCES `tb_matery` (`id`)
) ENGINE=InnoDB AUTO_INCREMENT=4 DEFAULT CHARSET=latin1;

/*Data for the table `tb_resultquiz_after` */

insert  into `tb_resultquiz_after`(`id`,`id_colleger`,`id_matery`,`score`,`idknowledge`,`id_category`) values (1,1,1,42,2,1),(2,3,1,63,2,1),(3,2,1,83,3,1);

/*Table structure for table `tb_resultquiz_before` */

DROP TABLE IF EXISTS `tb_resultquiz_before`;

CREATE TABLE `tb_resultquiz_before` (
  `id` int(11) NOT NULL AUTO_INCREMENT,
  `id_colleger` int(11) DEFAULT NULL,
  `id_matery` int(11) DEFAULT NULL,
  `score` int(11) DEFAULT NULL,
  `idknowledge` int(11) DEFAULT NULL,
  `id_category` int(11) DEFAULT NULL,
  PRIMARY KEY (`id`),
  KEY `FK_tb_resultquiz_beforeclg` (`id_colleger`),
  KEY `FK_tb_resultquiz_beforematery` (`id_matery`),
  KEY `FK_tb_resultquiz_beforectg` (`id_category`),
  KEY `FK_tb_resultquiz_before` (`idknowledge`),
  CONSTRAINT `FK_tb_resultquiz_before` FOREIGN KEY (`idknowledge`) REFERENCES `tb_jenissoal` (`id`),
  CONSTRAINT `FK_tb_resultquiz_beforeclg` FOREIGN KEY (`id_colleger`) REFERENCES `tb_user` (`id`),
  CONSTRAINT `FK_tb_resultquiz_beforectg` FOREIGN KEY (`id_category`) REFERENCES `tb_category` (`id`),
  CONSTRAINT `FK_tb_resultquiz_beforematery` FOREIGN KEY (`id_matery`) REFERENCES `tb_matery` (`id`)
) ENGINE=InnoDB AUTO_INCREMENT=4 DEFAULT CHARSET=latin1;

/*Data for the table `tb_resultquiz_before` */

insert  into `tb_resultquiz_before`(`id`,`id_colleger`,`id_matery`,`score`,`idknowledge`,`id_category`) values (1,1,1,42,2,1),(2,3,1,63,2,1),(3,2,1,42,2,1);

/*Table structure for table `tb_role` */

DROP TABLE IF EXISTS `tb_role`;

CREATE TABLE `tb_role` (
  `id` int(11) NOT NULL AUTO_INCREMENT,
  `name` varchar(50) DEFAULT NULL,
  `shortname` varchar(254) DEFAULT NULL,
  `description` varchar(255) DEFAULT NULL,
  PRIMARY KEY (`id`)
) ENGINE=InnoDB AUTO_INCREMENT=4 DEFAULT CHARSET=latin1;

/*Data for the table `tb_role` */

insert  into `tb_role`(`id`,`name`,`shortname`,`description`) values (1,'Colleger','','Mengelola Aplikasi dan data yang masuk.'),(2,'Lecturer\r\n','','Mengawasi jalannya aplikasi'),(3,'Administrator','','Mengerjakan SoalMengelola Aplikasi dan data yang masuk.');

/*Table structure for table `tb_session` */

DROP TABLE IF EXISTS `tb_session`;

CREATE TABLE `tb_session` (
  `id` int(11) NOT NULL AUTO_INCREMENT,
  `userid` int(11) DEFAULT NULL,
  `timecreated` varchar(255) DEFAULT NULL,
  `username` varchar(255) DEFAULT NULL,
  `timeout` varchar(255) DEFAULT NULL,
  `firstip` varchar(255) DEFAULT NULL,
  `lastip` varchar(255) DEFAULT NULL,
  PRIMARY KEY (`id`),
  KEY `FK_tb_sessionuser` (`userid`),
  CONSTRAINT `FK_tb_sessionuser` FOREIGN KEY (`userid`) REFERENCES `tb_user` (`id`)
) ENGINE=InnoDB AUTO_INCREMENT=259 DEFAULT CHARSET=latin1;

/*Data for the table `tb_session` */

insert  into `tb_session`(`id`,`userid`,`timecreated`,`username`,`timeout`,`firstip`,`lastip`) values (1,1,'2018-05-06 13:48:57','ikhsan',NULL,'10.10.10.142','10.10.10.142'),(2,1,'2018-05-06 13:49:13','ikhsan',NULL,'10.10.10.142','10.10.10.142'),(3,1,'2018-05-06 13:51:49','ikhsan',NULL,'10.10.10.142','10.10.10.142'),(4,1,'2018-05-06 13:52:44','ikhsan',NULL,'10.10.10.142','10.10.10.142'),(5,1,'2018-05-06 13:52:45','ikhsan',NULL,'10.10.10.142','10.10.10.142'),(6,1,'2018-05-06 13:52:48','ikhsan',NULL,'10.10.10.142','10.10.10.142'),(7,1,'2018-05-06 13:54:19','ikhsan',NULL,'10.10.10.142','10.10.10.142'),(8,1,'2018-05-06 13:54:29','ikhsan',NULL,'10.10.10.142','10.10.10.142'),(9,1,'2018-05-06 13:57:40','ikhsan',NULL,'10.10.10.142','10.10.10.142'),(10,1,'2018-05-06 14:17:02','ikhsan',NULL,'10.10.10.142','10.10.10.142'),(11,1,'2018-05-06 14:20:18','ikhsan',NULL,'10.10.10.142','10.10.10.142'),(12,1,'2018-05-06 14:22:45','ikhsan',NULL,'10.10.10.142','10.10.10.142'),(13,1,'2018-05-06 14:45:23','ikhsan',NULL,'10.10.10.142','10.10.10.142'),(14,1,'2018-05-06 14:47:18','ikhsan',NULL,'10.10.10.142','10.10.10.142'),(15,1,'2018-05-06 15:05:12','ikhsan',NULL,'10.10.10.142','10.10.10.142'),(16,1,'2018-05-06 16:24:26','ikhsan',NULL,'10.10.10.142','10.10.10.142'),(17,1,'2018-05-19 21:08:59','ikhsan',NULL,'10.10.10.142','10.10.10.142'),(18,1,'2018-05-19 21:09:32','ikhsan',NULL,'10.10.10.142','10.10.10.142'),(19,1,'2018-05-19 21:17:51','ikhsan',NULL,'10.10.10.142','10.10.10.142'),(20,1,'2018-05-19 21:18:13','ikhsan',NULL,'10.10.10.142','10.10.10.142'),(21,1,'2018-05-19 21:26:05','ikhsan',NULL,'10.10.10.142','10.10.10.142'),(22,1,'2018-05-19 21:26:54','ikhsan',NULL,'10.10.10.142','10.10.10.142'),(23,1,'2018-05-19 21:29:18','ikhsan',NULL,'10.10.10.142','10.10.10.142'),(24,1,'2018-05-19 21:31:37','ikhsan',NULL,'10.10.10.142','10.10.10.142'),(25,1,'2018-05-19 21:32:22','ikhsan',NULL,'10.10.10.142','10.10.10.142'),(26,1,'2018-05-19 21:33:29','ikhsan',NULL,'10.10.10.142','10.10.10.142'),(27,1,'2018-05-19 21:51:19','ikhsan',NULL,'10.10.10.142','10.10.10.142'),(28,1,'2018-05-19 21:55:56','ikhsan',NULL,'10.10.10.142','10.10.10.142'),(29,1,'2018-05-19 22:31:12','ikhsan',NULL,'10.10.10.142','10.10.10.142'),(30,1,'2018-05-19 22:45:04','ikhsan',NULL,'10.10.10.142','10.10.10.142'),(31,1,'2018-05-19 22:48:10','ikhsan',NULL,'10.10.10.142','10.10.10.142'),(32,1,'2018-05-19 23:15:57','ikhsan',NULL,'10.10.10.142','10.10.10.142'),(33,1,'2018-05-19 23:17:18','ikhsan',NULL,'10.10.10.142','10.10.10.142'),(34,1,'2018-05-19 23:19:01','ikhsan',NULL,'10.10.10.142','10.10.10.142'),(35,1,'2018-05-19 23:20:30','ikhsan',NULL,'10.10.10.142','10.10.10.142'),(36,1,'2018-05-19 23:40:54','ikhsan',NULL,'10.10.10.142','10.10.10.142'),(37,1,'2018-05-19 23:43:04','ikhsan',NULL,'10.10.10.142','10.10.10.142'),(38,1,'2018-05-19 23:45:41','ikhsan',NULL,'10.10.10.142','10.10.10.142'),(39,1,'2018-05-19 23:56:51','ikhsan',NULL,'10.10.10.142','10.10.10.142'),(40,1,'2018-05-20 00:02:36','ikhsan',NULL,'10.10.10.142','10.10.10.142'),(41,1,'2018-05-20 00:06:09','ikhsan',NULL,'10.10.10.142','10.10.10.142'),(42,1,'2018-05-20 00:55:28','ikhsan',NULL,'10.10.10.142','10.10.10.142'),(43,1,'2018-05-20 01:41:30','ikhsan',NULL,'10.10.10.142','10.10.10.142'),(44,1,'2018-06-03 10:00:22','ikhsan',NULL,'10.10.10.142','10.10.10.142'),(45,1,'2018-06-29 18:28:03','ikhsan',NULL,'10.10.10.142','10.10.10.142'),(46,1,'2018-07-03 17:38:29','ikhsan',NULL,'10.10.10.142','10.10.10.142'),(47,1,'2018-07-03 17:39:10','ikhsan',NULL,'10.10.10.142','10.10.10.142'),(48,3,'2018-07-03 17:41:21','dyah',NULL,'10.10.10.142','10.10.10.142'),(49,2,'2018-07-03 17:43:03','tegar',NULL,'10.10.10.142','10.10.10.142'),(50,41,'2018-07-03 17:47:39','selly',NULL,'10.10.10.142','10.10.10.142'),(51,1,'2018-07-03 18:23:26','ikhsan',NULL,'10.10.10.142','10.10.10.142'),(52,3,'2018-07-03 18:23:51','dyah',NULL,'10.10.10.142','10.10.10.142'),(53,3,'2018-07-03 18:44:10','dyah',NULL,'10.10.10.142','10.10.10.142'),(54,41,'2018-07-03 18:44:24','selly',NULL,'10.10.10.142','10.10.10.142'),(55,1,'2018-07-03 18:51:39','ikhsan',NULL,'10.10.10.142','10.10.10.142'),(56,1,'2018-07-03 18:51:51','ikhsan',NULL,'10.10.10.142','10.10.10.142'),(57,1,'2018-07-03 18:58:08','ikhsan',NULL,'10.10.10.142','10.10.10.142'),(58,1,'2018-07-03 18:58:14','ikhsan',NULL,'10.10.10.142','10.10.10.142'),(59,41,'2018-07-03 19:50:06','selly',NULL,'10.10.10.142','10.10.10.142'),(60,5,'2018-07-03 19:50:21','feni',NULL,'10.10.10.142','10.10.10.142'),(61,5,'2018-07-03 19:58:54','feni',NULL,'10.10.10.142','10.10.10.142'),(62,5,'2018-07-03 20:07:57','feni',NULL,'10.10.10.142','10.10.10.142'),(63,3,'2018-07-03 20:33:04','dyah',NULL,'10.10.10.142','10.10.10.142'),(64,3,'2018-07-03 20:34:40','dyah',NULL,'10.10.10.142','10.10.10.142'),(65,5,'2018-07-03 20:41:00','feni',NULL,'10.10.10.142','10.10.10.142'),(66,1,'2018-07-03 20:44:06','ikhsan',NULL,'10.10.10.142','10.10.10.142'),(67,5,'2018-07-03 20:51:38','feni',NULL,'10.10.10.142','10.10.10.142'),(68,1,'2018-07-03 20:55:02','ikhsan',NULL,'10.10.10.142','10.10.10.142'),(69,5,'2018-07-03 20:56:28','feni',NULL,'10.10.10.142','10.10.10.142'),(70,1,'2018-07-03 20:57:58','ikhsan',NULL,'10.10.10.142','10.10.10.142'),(71,1,'2018-07-03 21:03:57','ikhsan',NULL,'10.10.10.142','10.10.10.142'),(72,3,'2018-07-03 21:06:26','dyah',NULL,'10.10.10.142','10.10.10.142'),(73,5,'2018-07-03 21:08:18','feni',NULL,'10.10.10.142','10.10.10.142'),(74,3,'2018-07-03 21:11:31','dyah',NULL,'10.10.10.142','10.10.10.142'),(75,1,'2018-07-03 21:25:44','ikhsan',NULL,'10.10.10.142','10.10.10.142'),(76,1,'2018-07-03 21:32:23','ikhsan',NULL,'10.10.10.142','10.10.10.142'),(77,1,'2018-07-03 21:33:21','ikhsan',NULL,'10.10.10.142','10.10.10.142'),(78,1,'2018-07-03 21:34:18','ikhsan',NULL,'10.10.10.142','10.10.10.142'),(79,41,'2018-07-03 21:36:30','selly',NULL,'10.10.10.142','10.10.10.142'),(80,41,'2018-07-03 21:41:24','selly',NULL,'10.10.10.142','10.10.10.142'),(81,41,'2018-07-03 21:41:30','selly',NULL,'10.10.10.142','10.10.10.142'),(82,41,'2018-07-03 21:43:44','selly ',NULL,'10.10.10.142','10.10.10.142'),(83,3,'2018-07-03 21:59:51','dyah',NULL,'10.10.10.142','10.10.10.142'),(84,3,'2018-07-03 22:13:40','dyah',NULL,'10.10.10.142','10.10.10.142'),(85,5,'2018-07-03 22:24:30','feni',NULL,'10.10.10.142','10.10.10.142'),(86,5,'2018-07-03 22:25:53','feni',NULL,'10.10.10.142','10.10.10.142'),(87,3,'2018-07-03 22:26:02','dyah',NULL,'10.10.10.142','10.10.10.142'),(88,3,'2018-07-03 22:33:45','dyah',NULL,'10.10.10.142','10.10.10.142'),(89,3,'2018-07-03 22:46:14','dyah',NULL,'10.10.10.142','10.10.10.142'),(90,2,'2018-07-04 09:09:15','tegar',NULL,'10.10.10.142','10.10.10.142'),(91,3,'2018-07-04 09:10:29','dyah',NULL,'10.10.10.142','10.10.10.142'),(92,3,'2018-07-04 09:16:35','dyah',NULL,'10.10.10.142','10.10.10.142'),(93,41,'2018-07-04 09:16:51','selly',NULL,'10.10.10.142','10.10.10.142'),(94,5,'2018-07-04 09:17:27','feni',NULL,'10.10.10.142','10.10.10.142'),(95,1,'2018-07-06 17:34:48','ikhsan',NULL,'10.10.10.142','10.10.10.142'),(96,1,'2018-07-06 17:37:15','ikhsan',NULL,'10.10.10.142','10.10.10.142'),(97,1,'2018-07-06 17:38:24','ikhsan',NULL,'10.10.10.142','10.10.10.142'),(98,41,'2018-07-06 17:38:49','selly',NULL,'10.10.10.142','10.10.10.142'),(99,1,'2018-07-06 17:42:21','ikhsan',NULL,'10.10.10.142','10.10.10.142'),(100,41,'2018-07-06 17:42:59','selly',NULL,'10.10.10.142','10.10.10.142'),(101,1,'2018-07-06 17:43:17','ikhsan',NULL,'10.10.10.142','10.10.10.142'),(102,5,'2018-07-06 17:45:28','feni',NULL,'10.10.10.142','10.10.10.142'),(103,1,'2018-07-06 17:47:27','ikhsan',NULL,'10.10.10.142','10.10.10.142'),(104,41,'2018-07-06 17:49:13','selly',NULL,'10.10.10.142','10.10.10.142'),(105,5,'2018-07-06 18:10:14','feni',NULL,'10.10.10.142','10.10.10.142'),(106,5,'2018-07-06 18:10:50','feni',NULL,'10.10.10.142','10.10.10.142'),(107,5,'2018-07-06 18:12:15','feni',NULL,'10.10.10.142','10.10.10.142'),(108,5,'2018-07-06 18:30:36','feni',NULL,'10.10.10.142','10.10.10.142'),(109,5,'2018-07-06 20:55:41','feni',NULL,'10.10.10.142','10.10.10.142'),(110,5,'2018-07-06 21:16:22','feni',NULL,'10.10.10.142','10.10.10.142'),(111,41,'2018-07-06 21:33:34','selly',NULL,'10.10.10.142','10.10.10.142'),(112,41,'2018-07-06 21:34:00','selly',NULL,'10.10.10.142','10.10.10.142'),(113,41,'2018-07-06 21:36:21','selly',NULL,'10.10.10.142','10.10.10.142'),(114,1,'2018-07-06 21:36:55','ikhsan',NULL,'10.10.10.142','10.10.10.142'),(115,1,'2018-07-06 21:44:07','ikhsan',NULL,'10.10.10.142','10.10.10.142'),(116,5,'2018-07-06 22:17:09','feni',NULL,'10.10.10.142','10.10.10.142'),(117,41,'2018-07-06 22:50:46','selly',NULL,'10.10.10.142','10.10.10.142'),(118,41,'2018-07-06 22:50:49','selly',NULL,'10.10.10.142','10.10.10.142'),(119,41,'2018-07-07 01:41:47','selly',NULL,'10.10.10.142','10.10.10.142'),(120,5,'2018-07-07 01:41:55','feni',NULL,'10.10.10.142','10.10.10.142'),(121,5,'2018-07-08 09:07:51','feni',NULL,'10.10.10.142','10.10.10.142'),(122,41,'2018-07-08 09:09:33','selly',NULL,'10.10.10.142','10.10.10.142'),(123,41,'2018-07-08 09:10:11','selly',NULL,'10.10.10.142','10.10.10.142'),(124,5,'2018-07-08 10:22:56','feni',NULL,'10.10.10.142','10.10.10.142'),(125,5,'2018-07-15 12:30:54','feni',NULL,'10.10.10.142','10.10.10.142'),(126,1,'2018-07-15 13:30:15','ikhsan',NULL,'10.10.10.142','10.10.10.142'),(127,1,'2018-07-15 13:31:01','ikhsan',NULL,'10.10.10.142','10.10.10.142'),(128,1,'2018-07-15 13:31:11','ikhsan',NULL,'10.10.10.142','10.10.10.142'),(129,1,'2018-07-15 13:35:38','ikhsan',NULL,'10.10.10.142','10.10.10.142'),(130,5,'2018-07-15 13:36:29','feni',NULL,'10.10.10.142','10.10.10.142'),(131,1,'2018-07-15 13:36:47','ikhsan',NULL,'10.10.10.142','10.10.10.142'),(132,5,'2018-07-15 13:37:21','feni',NULL,'10.10.10.142','10.10.10.142'),(133,1,'2018-07-15 13:37:38','ikhsan',NULL,'10.10.10.142','10.10.10.142'),(134,5,'2018-07-15 13:38:43','feni',NULL,'10.10.10.142','10.10.10.142'),(135,1,'2018-07-15 13:39:10','ikhsan',NULL,'10.10.10.142','10.10.10.142'),(136,1,'2018-07-15 13:39:53','ikhsan',NULL,'10.10.10.142','10.10.10.142'),(137,5,'2018-07-15 13:40:43','feni',NULL,'10.10.10.142','10.10.10.142'),(138,5,'2018-07-15 13:40:51','feni',NULL,'10.10.10.142','10.10.10.142'),(139,5,'2018-07-15 13:41:10','feni',NULL,'10.10.10.142','10.10.10.142'),(140,5,'2018-07-15 13:42:13','feni',NULL,'10.10.10.142','10.10.10.142'),(141,1,'2018-07-15 13:42:29','ikhsan',NULL,'10.10.10.142','10.10.10.142'),(142,1,'2018-07-15 13:43:09','ikhsan',NULL,'10.10.10.142','10.10.10.142'),(143,1,'2018-07-15 13:44:43','ikhsan',NULL,'10.10.10.142','10.10.10.142'),(144,1,'2018-07-15 13:54:33','ikhsan',NULL,'10.10.10.142','10.10.10.142'),(145,1,'2018-07-15 14:03:14','ikhsan',NULL,'10.10.10.142','10.10.10.142'),(146,5,'2018-07-15 14:05:52','feni',NULL,'10.10.10.142','10.10.10.142'),(147,5,'2018-07-15 14:06:32','feni',NULL,'10.10.10.142','10.10.10.142'),(148,5,'2018-07-15 14:18:43','feni',NULL,'10.10.10.142','10.10.10.142'),(149,1,'2018-07-15 14:21:20','ikhsan',NULL,'10.10.10.142','10.10.10.142'),(150,5,'2018-07-15 14:23:34','feni',NULL,'10.10.10.142','10.10.10.142'),(151,5,'2018-07-15 18:19:51','feni',NULL,'10.10.10.142','10.10.10.142'),(152,41,'2018-07-15 19:02:11','selly',NULL,'10.10.10.142','10.10.10.142'),(153,41,'2018-07-15 19:02:32','selly',NULL,'10.10.10.142','10.10.10.142'),(154,41,'2018-07-15 20:46:07','selly',NULL,'10.10.10.142','10.10.10.142'),(155,1,'2018-07-17 17:10:22','ikhsan',NULL,'10.10.10.142','10.10.10.142'),(156,41,'2018-07-17 17:12:44','selly',NULL,'10.10.10.142','10.10.10.142'),(157,1,'2018-07-17 17:13:13','ikhsan',NULL,'10.10.10.142','10.10.10.142'),(158,1,'2018-07-21 18:41:29','ikhsan',NULL,'10.10.10.142','10.10.10.142'),(159,5,'2018-07-21 19:52:16','feni',NULL,'10.10.10.142','10.10.10.142'),(160,5,'2018-07-21 19:55:21','feni',NULL,'10.10.10.142','10.10.10.142'),(161,5,'2018-07-21 19:59:14','feni',NULL,'10.10.10.142','10.10.10.142'),(162,41,'2018-07-21 19:59:27','selly',NULL,'10.10.10.142','10.10.10.142'),(163,5,'2018-07-21 19:59:49','feni',NULL,'10.10.10.142','10.10.10.142'),(164,5,'2018-07-21 20:05:09','feni',NULL,'10.10.10.142','10.10.10.142'),(165,1,'2018-07-21 20:12:17','ikhsan',NULL,'10.10.10.142','10.10.10.142'),(166,1,'2018-07-21 20:12:48','ikhsan',NULL,'10.10.10.142','10.10.10.142'),(167,1,'2018-07-21 20:19:08','ikhsan',NULL,'10.10.10.142','10.10.10.142'),(168,41,'2018-07-21 20:19:26','selly',NULL,'10.10.10.142','10.10.10.142'),(169,5,'2018-07-21 20:26:56','feni',NULL,'10.10.10.142','10.10.10.142'),(170,1,'2018-07-21 20:34:11','ikhsan',NULL,'10.10.10.142','10.10.10.142'),(171,1,'2018-07-21 20:34:16','ikhsan',NULL,'10.10.10.142','10.10.10.142'),(172,1,'2018-07-21 20:48:36','ikhsan',NULL,'10.10.10.142','10.10.10.142'),(173,1,'2018-07-21 20:48:41','ikhsan',NULL,'10.10.10.142','10.10.10.142'),(174,5,'2018-07-21 20:50:17','feni',NULL,'10.10.10.142','10.10.10.142'),(175,5,'2018-07-21 21:09:43','feni',NULL,'10.10.10.142','10.10.10.142'),(176,5,'2018-07-21 21:17:08','feni',NULL,'10.10.10.142','10.10.10.142'),(177,5,'2018-07-21 21:22:11','feni',NULL,'10.10.10.142','10.10.10.142'),(178,1,'2018-07-21 21:40:00','ikhsan',NULL,'10.10.10.142','10.10.10.142'),(179,5,'2018-07-21 21:40:21','feni',NULL,'10.10.10.142','10.10.10.142'),(180,5,'2018-07-21 21:51:39','feni',NULL,'10.10.10.142','10.10.10.142'),(181,5,'2018-07-21 21:52:17','feni',NULL,'10.10.10.142','10.10.10.142'),(182,41,'2018-07-21 22:12:06','selly',NULL,'10.10.10.142','10.10.10.142'),(183,1,'2018-07-21 22:13:55','ikhsan',NULL,'10.10.10.142','10.10.10.142'),(184,41,'2018-07-21 22:16:20','selly',NULL,'10.10.10.142','10.10.10.142'),(185,1,'2018-07-23 19:56:49','ikhsan',NULL,'10.10.10.142','10.10.10.142'),(186,1,'2018-07-23 20:11:48','ikhsan',NULL,'10.10.10.142','10.10.10.142'),(187,1,'2018-07-23 20:25:19','ikhsan',NULL,'10.10.10.142','10.10.10.142'),(188,1,'2018-07-31 18:50:19','ikhsan',NULL,'10.10.10.142','10.10.10.142'),(189,5,'2018-07-31 18:52:52','feni',NULL,'10.10.10.142','10.10.10.142'),(190,1,'2018-08-02 18:26:48','ikhsan',NULL,'10.10.10.142','10.10.10.142'),(191,5,'2018-08-02 18:29:09','feni',NULL,'10.10.10.142','10.10.10.142'),(192,41,'2018-08-02 18:33:51','selly',NULL,'10.10.10.142','10.10.10.142'),(193,41,'2018-08-02 18:34:05','selly',NULL,'10.10.10.142','10.10.10.142'),(194,41,'2018-08-02 18:34:12','selly',NULL,'10.10.10.142','10.10.10.142'),(195,41,'2018-08-02 18:34:17','selly',NULL,'10.10.10.142','10.10.10.142'),(196,41,'2018-08-02 18:34:31','selly',NULL,'10.10.10.142','10.10.10.142'),(197,41,'2018-08-02 18:34:38','selly',NULL,'10.10.10.142','10.10.10.142'),(198,41,'2018-08-02 18:35:02','selly',NULL,'10.10.10.142','10.10.10.142'),(199,1,'2018-08-02 18:35:18','ikhsan',NULL,'10.10.10.142','10.10.10.142'),(200,5,'2018-08-02 18:36:19','feni',NULL,'10.10.10.142','10.10.10.142'),(201,5,'2018-08-02 18:36:22','feni',NULL,'10.10.10.142','10.10.10.142'),(202,41,'2018-08-02 18:51:40','selly',NULL,'10.10.10.142','10.10.10.142'),(203,41,'2018-08-02 19:03:07','selly',NULL,'10.10.10.142','10.10.10.142'),(204,5,'2018-08-02 19:25:52','feni',NULL,'10.10.10.142','10.10.10.142'),(205,41,'2018-08-02 19:41:24','selly',NULL,'10.10.10.142','10.10.10.142'),(206,5,'2018-08-02 19:50:35','feni',NULL,'10.10.10.142','10.10.10.142'),(207,42,'2018-08-02 19:52:17','eren',NULL,'10.10.10.142','10.10.10.142'),(208,42,'2018-08-02 19:53:04','eren',NULL,'10.10.10.142','10.10.10.142'),(209,5,'2018-08-02 19:54:24','feni',NULL,'10.10.10.142','10.10.10.142'),(210,41,'2018-08-02 19:54:33','selly',NULL,'10.10.10.142','10.10.10.142'),(211,41,'2018-08-02 19:55:00','selly',NULL,'10.10.10.142','10.10.10.142'),(212,41,'2018-08-02 19:56:23','selly',NULL,'10.10.10.142','10.10.10.142'),(213,1,'2018-08-02 19:57:26','ikhsan',NULL,'10.10.10.142','10.10.10.142'),(214,5,'2018-08-02 20:03:54','feni',NULL,'10.10.10.142','10.10.10.142'),(215,5,'2018-08-02 20:21:36','feni',NULL,'10.10.10.142','10.10.10.142'),(216,5,'2018-08-02 20:24:39','feni',NULL,'10.10.10.142','10.10.10.142'),(217,5,'2018-08-02 20:24:58','feni',NULL,'10.10.10.142','10.10.10.142'),(218,41,'2018-08-02 20:35:47','selly',NULL,'10.10.10.142','10.10.10.142'),(219,41,'2018-08-02 20:35:53','selly',NULL,'10.10.10.142','10.10.10.142'),(220,41,'2018-08-02 20:37:44','selly',NULL,'10.10.10.142','10.10.10.142'),(221,41,'2018-08-02 20:39:38','selly',NULL,'10.10.10.142','10.10.10.142'),(222,1,'2018-08-02 20:41:35','ikhsan',NULL,'10.10.10.142','10.10.10.142'),(223,1,'2018-08-02 20:44:06','ikhsan',NULL,'10.10.10.142','10.10.10.142'),(224,1,'2018-08-02 20:44:16','ikhsan',NULL,'10.10.10.142','10.10.10.142'),(225,1,'2018-08-02 20:46:48','ikhsan',NULL,'10.10.10.142','10.10.10.142'),(226,1,'2018-08-02 20:54:13','ikhsan',NULL,'10.10.10.142','10.10.10.142'),(227,1,'2018-08-02 20:54:24','ikhsan',NULL,'10.10.10.142','10.10.10.142'),(228,1,'2018-08-02 20:54:31','ikhsan',NULL,'10.10.10.142','10.10.10.142'),(229,1,'2018-08-02 21:00:41','ikhsan',NULL,'10.10.10.142','10.10.10.142'),(230,1,'2018-08-02 21:01:23','ikhsan',NULL,'10.10.10.142','10.10.10.142'),(231,5,'2018-08-02 21:02:35','feni',NULL,'10.10.10.142','10.10.10.142'),(232,5,'2018-08-02 21:14:05','feni',NULL,'10.10.10.142','10.10.10.142'),(233,1,'2018-08-02 21:17:07','ikhsan',NULL,'10.10.10.142','10.10.10.142'),(234,1,'2018-08-02 21:17:34','ikhsan',NULL,'10.10.10.142','10.10.10.142'),(235,1,'2018-08-02 21:19:49','ikhsan',NULL,'10.10.10.142','10.10.10.142'),(236,1,'2018-08-02 21:20:04','ikhsan',NULL,'10.10.10.142','10.10.10.142'),(237,5,'2018-08-02 21:20:18','feni',NULL,'10.10.10.142','10.10.10.142'),(238,1,'2018-08-02 21:20:46','ikhsan',NULL,'10.10.10.142','10.10.10.142'),(239,41,'2018-08-02 21:21:00','selly',NULL,'10.10.10.142','10.10.10.142'),(240,1,'2018-08-02 21:21:53','ikhsan',NULL,'10.10.10.142','10.10.10.142'),(241,41,'2018-08-02 21:22:17','selly',NULL,'10.10.10.142','10.10.10.142'),(242,1,'2018-08-02 21:22:30','ikhsan',NULL,'10.10.10.142','10.10.10.142'),(243,41,'2018-08-02 21:22:53','selly',NULL,'10.10.10.142','10.10.10.142'),(244,41,'2018-08-02 21:23:44','selly',NULL,'10.10.10.142','10.10.10.142'),(245,41,'2018-08-02 21:24:41','selly',NULL,'10.10.10.142','10.10.10.142'),(246,5,'2018-08-02 21:30:10','feni',NULL,'10.10.10.142','10.10.10.142'),(247,1,'2018-08-03 20:04:04','ikhsan',NULL,'10.10.10.142','10.10.10.142'),(248,1,'2018-08-03 20:43:04','ikhsan',NULL,'10.10.10.142','10.10.10.142'),(249,1,'2018-08-03 20:56:57','ikhsan',NULL,'10.10.10.142','10.10.10.142'),(250,1,'2018-08-03 20:57:02','ikhsan',NULL,'10.10.10.142','10.10.10.142'),(251,41,'2018-08-03 21:10:19','selly',NULL,'10.10.10.142','10.10.10.142'),(252,41,'2018-08-03 21:13:55','selly',NULL,'10.10.10.142','10.10.10.142'),(253,41,'2018-08-03 21:14:45','selly',NULL,'10.10.10.142','10.10.10.142'),(254,5,'2018-08-03 21:16:00','feni',NULL,'10.10.10.142','10.10.10.142'),(255,5,'2018-08-03 22:04:22','feni',NULL,'10.10.10.142','10.10.10.142'),(256,41,'2018-08-03 22:05:15','selly',NULL,'10.10.10.142','10.10.10.142'),(257,41,'2018-08-03 22:24:57','selly',NULL,'10.10.10.142','10.10.10.142'),(258,5,'2018-08-03 22:28:46','feni',NULL,'10.10.10.142','10.10.10.142');

/*Table structure for table `tb_skill` */

DROP TABLE IF EXISTS `tb_skill`;

CREATE TABLE `tb_skill` (
  `id` int(11) NOT NULL AUTO_INCREMENT,
  `skill` varchar(255) DEFAULT NULL,
  PRIMARY KEY (`id`)
) ENGINE=InnoDB AUTO_INCREMENT=2 DEFAULT CHARSET=latin1;

/*Data for the table `tb_skill` */

insert  into `tb_skill`(`id`,`skill`) values (1,'90');

/*Table structure for table `tb_statusmateri` */

DROP TABLE IF EXISTS `tb_statusmateri`;

CREATE TABLE `tb_statusmateri` (
  `nama` varchar(255) NOT NULL,
  `status` int(11) DEFAULT NULL,
  PRIMARY KEY (`nama`)
) ENGINE=InnoDB DEFAULT CHARSET=latin1;

/*Data for the table `tb_statusmateri` */

insert  into `tb_statusmateri`(`nama`,`status`) values ('status',1);

/*Table structure for table `tb_user` */

DROP TABLE IF EXISTS `tb_user`;

CREATE TABLE `tb_user` (
  `id` int(11) NOT NULL AUTO_INCREMENT,
  `username` varchar(255) DEFAULT NULL,
  `password` varchar(255) DEFAULT NULL,
  `firstname` varchar(100) DEFAULT NULL,
  `lastname` varchar(100) DEFAULT NULL,
  `email` varchar(100) DEFAULT NULL,
  `phone1` varchar(20) DEFAULT NULL,
  `institution` varchar(255) DEFAULT NULL,
  `department` varchar(255) DEFAULT NULL,
  `address` varchar(255) DEFAULT NULL,
  `city` varchar(120) DEFAULT NULL,
  `firstaccess` varchar(100) DEFAULT NULL,
  `lastaccess` varchar(100) DEFAULT NULL,
  `lastlogin` varchar(100) DEFAULT NULL,
  `currentlogin` varchar(100) DEFAULT NULL,
  `picture` varchar(100) DEFAULT NULL,
  `description` longtext,
  `timecreated` varchar(100) DEFAULT NULL,
  `timemodified` varchar(100) DEFAULT NULL,
  `id_role` int(11) DEFAULT NULL,
  `idknowledge` int(11) DEFAULT NULL,
  PRIMARY KEY (`id`)
) ENGINE=InnoDB AUTO_INCREMENT=44 DEFAULT CHARSET=latin1;

/*Data for the table `tb_user` */

insert  into `tb_user`(`id`,`username`,`password`,`firstname`,`lastname`,`email`,`phone1`,`institution`,`department`,`address`,`city`,`firstaccess`,`lastaccess`,`lastlogin`,`currentlogin`,`picture`,`description`,`timecreated`,`timemodified`,`id_role`,`idknowledge`) values (1,'ikhsan','ikhsan','Nur','ikhsan','ikhsan29@gmail.com','088123456789','Universitas Nasional Pasim','Managemen Informatika','Cirebon Kota','Cirebon','19:00:00','20:00:00','20:00:00','19:00:00','Test','Test Deskripsi 2','19:00:00','2018-08-03 20:43:38',1,1),(2,'tegar','tegar','Tegar','Budi Septian','tegar@gmail.com','089000111222','Universitas Nasional Pasim','Managemen Informatika','Banjarnegara','Banjarnegara','21:00:00','21:30:00','21:30:00','21:00:00','1',NULL,'21:00:00','21:00:00',1,1),(3,'dyah','dyah','Dyah','Nuraeni','nuraeni_dyah@ymail.com','089513108889','Universitas Nasional Pasim','Managemen Informatika','Cirebon','Cirebon','22:00:00','22:50:00','22:00:00','22:00:00','12','','20:00:00','2018-07-03 21:22:53',1,1),(4,'tia','tia','Fathiya','Rahmawati','fathiyarahma23@gmail.com','089660881250','Universitas Nasional Pasim','Managemen Informatika','Bandung','Bandung','05:00:00','06:00:00','07:00:00','07:00:00','1',NULL,'05:00:00','07:00:00',3,1),(5,'feni','feni','Feni','Widyaningsih  99','fenfen90@yahoo.com','081221488900','Universitas Nasional Pasim','Managemen Informatika','Jakarta','Jakarta','14:30:00','15:00:00','15:00:00','15:00:00','1','Test','11:00:00','2018-08-02 19:35:26',3,1),(6,'heri','heri','Heri','Susanto','herisusanto98@gmail.com','082134445667','Universitas Nasional Pasim','Managemen Informatika','Cimahi','Cimahi','09:00:00','15:00:00','15:00:00','09:00:00','1',NULL,'09:00:00','10:00:00',3,1),(7,'andri','andri','Andriyana','Sofyan','sofyanandriana@yahoo.com','085555090809','Universitas Nasional Pasim','Managemen Informatika','Cimahi','Cimahi','09:01:00','09:40:00','09:01:00','09:01:00','1',NULL,'09:01:00','09:01:00',3,1),(8,'irin','irin','Ahmad','Khoirin','khoirahmad@gmail.com','081009898091','Universitas Nasional Pasim','Managemen Informatika','Cicendo','Bandung','10:15:00','10:45:00','10:15:00','10:15:00','1',NULL,'10:15:00','10:15:00',3,3),(9,'tri','tri','Trisnawati','97','trisnawati97@yahoo.com','088945643535','Universitas Nasional Pasim','Managemen Informatika','Rancaengkek','Bandung','13:44:00','14:00:00','13:44:00','13:44:00','1',NULL,'13:44:00','13:44:00',3,3),(10,'bintang','bintang','Bintang','Nurmaudi','Nurmaudistar@yahoo.com','081233887900','Universitas Nasiomal Pasim','Managemen Informatika','Cileunyi','Bandung','13:00:00','13:10:00','13:00:00','13:00:00','1',NULL,'13:00:00','13:00:00',3,3),(11,'adit','adit','Aditya','Rohman','adiitrohman8@gmail.com','083221090911','Universitas Nasional Pasim','Managemen Informatika','Dago','Bandung','12:50:00','13:00:00','12:50:00','12:50:00','1',NULL,'12:50:00','12:50:00',3,3),(12,'rahel','rahel','Rahel','Syifani','syifaanrachel@gmail.com','088137183811','Universitas Nasional Pasim','Managemen Informatika','Dago','Bandung','11:00:00','12:50:00','12:50:00','11:00:00','1',NULL,'12:50:00','11:00:00',3,3),(13,'amin','amin','Amin','Hidayat','aamiin809@gmail.com','087617267162','Universitas Nasional Pasim','Managemen Informatika','Cimindi','Bandung','11:00:00','12:50:00','12:50:00','11:00:00',NULL,NULL,'12:50:00','12:50:00',3,3),(14,'sultan','sultan','Sultan','Wahyudin','sultan78@gmail.com','089127218738','Universitas Nasional Pasim','Managemen Informatika','Cilengka','Bandung','11:00:00','12:50:00','12:50:00','11:00:00',NULL,NULL,'12:50:00','12:50:00',3,3),(15,'nia','nia','Niayatun','Nufus','nufusniatun@gmail.com','088136712637','Universitas Nasional Pasim','Managemen Informatika','Karapitan','Bandung','11:00:00','12:50:00','12:50:00','11:00:00',NULL,NULL,'12:50:00','12:50:00',3,3),(16,'hadir','hadir','Hadirrudin','I','hadir99@gmail.com','081732738282','Universitas Nasional Pasim','Managemen Informatika','Cicaheum','Bandung','11:00:00','12:50:00','12:50:00','11:00:00',NULL,NULL,'12:50:00','12:50:00',3,3),(17,'wahyuni','wahyuni','Wahyuni','Tias','wahyunitias@yahoo.com','081231322123','Universitas Nasional Pasim','Managemen Informatika','Dago','Bandung','11:00:00','12:50:00','12:50:00','11:00:00',NULL,NULL,'12:50:00','12:50:00',3,3),(18,'dani','dani','Muhamad','Dani','danimuhammad@gmail.com','087323526161','Universitas Nasional Pasim','Managemen Informatika','Cimahi','Bandung','11:00:00','12:50:00','12:50:00','11:00:00',NULL,NULL,'12:50:00','12:50:00',3,3),(19,'lola','lola','Kumala','Lola','lolakumala@gmail.com','085636235363','Universitas Nasional Pasim','Managemen Informatika','Cimahi','Bandung','11:00:00','12:50:00','12:50:00','11:00:00',NULL,NULL,'12:50:00','12:50:00',3,3),(20,'enet','enet','Enet','Sugiharto','enetsugiarto@gmail.com','089913187281','Universitas Nasional Pasim','Managemen Informatika','Ciamis','Bandung','11:00:00','12:50:00','12:50:00','11:00:00',NULL,NULL,'12:50:00','12:50:00',3,3),(21,'romlah','romlah','Siti','Rohmlatun','romlahsiti@ymail.com','08823728211','Universitas Nasional Pasim','Managemen Informatika','Cicendo','Bandung','11:00:00','12:50:00','12:50:00','11:00:00',NULL,NULL,'12:50:00','12:50:00',3,3),(22,'hadi','hadi','Hadi','Muhammad','muhammadhadi@gmail.com','082374872911','Universitas Nasional Pasim','Managemen Informatika','Cimahi','Bandung','11:00:00','12:50:00','12:50:00','11:00:00',NULL,NULL,'12:50:00','12:50:00',3,3),(23,'sari','sari','Sarifatun','Amalia','sarifatunamalia@gmail.com','089128738127','Universitas Nasional Pasim','Managemen Informatika','Cicendo','Bandung','11:00:00','12:50:00','12:50:00','11:00:00',NULL,NULL,'12:50:00','12:50:00',3,3),(24,'sugi','sugi','Halimah','Sugiartini','halimah900@gmail.com','081000903922','Universitas Nasional Pasim','Managemen Informatika','Cicendo','Bandung','11:00:00','12:50:00','12:50:00','11:00:00',NULL,NULL,'12:50:00','12:50:00',3,3),(25,'yudha','yudha','Yudha','Widiantara','yudhawidiantara@gmail.com','083391898322','Universitas Nasional Pasim','Managemen Informatika','Sumedang','Sumedang','11:00:00','12:50:00','12:50:00','11:00:00',NULL,NULL,'12:50:00','12:50:00',3,3),(26,'meli','meli','Melia','Maula','meliamaula@gmail.com','089237287383','Universitas Nasional Pasim','Managemen Informatika','Cicendo','Bandung','11:00:00','12:50:00','12:50:00','11:00:00',NULL,NULL,'12:50:00','12:50:00',3,3),(27,'saki','saki','Ahmad','Saki Maulana','ahmadsakimaulana@gmail.com','089321091020','Universitas Nasional Pasim','Managemen Informatika','Cicendo','Bandung','11:00:00','12:50:00','12:50:00','11:00:00',NULL,NULL,'12:50:00','12:50:00',3,3),(28,'lumi','lumi','Lumia','Kirana','lumiyakirana@gmail.com','081283920200','Universitas Nasional Pasim','Managemen Informatika','Cicendo','Bandung','11:00:00','12:50:00','12:50:00','11:00:00',NULL,NULL,'12:50:00','12:50:00',3,3),(29,'tina','tina','Sartina','','tinasartina@yahoo.com','081020010238','Universitas Nasional Pasim','Managemen Informatika','Cicendo','Bandung','11:00:00','12:50:00','12:50:00','11:00:00',NULL,NULL,'12:50:00','12:50:00',3,3),(30,'yipi','yipi','Yipines','Chistian','chistianyipines@gmail.com','081398492890','Universitas Nasional Pasim','Managemen Informatika','Cicendo','Bandung','11:00:00','12:50:00','12:50:00','11:00:00',NULL,NULL,'12:50:00','12:50:00',3,3),(31,'winia','winia','Winiati','Siti','sitiwini12@yahoo.com','089020193257','Universitas Nasional Pasim','Managemen Informatika','Cicendo','Bandung','11:00:00','12:50:00','12:50:00','11:00:00',NULL,NULL,'12:50:00','12:50:00',3,3),(32,'pina','pina','Vina','Hasanah','hasanahvina99@gmail.com','089494892000','Universitas Nasional Pasim','Managemen Informatika','Cicendo','Bandung','11:00:00','12:50:00','12:50:00','11:00:00',NULL,NULL,'12:50:00','12:50:00',3,3),(33,'hana','hana','Hana','Nurkhasanah','hananurkh@gmail.com','089782374238','Universitas Nasional Pasim','Managemen Informatika','Cicendo','Bandung','11:00:00','12:50:00','12:50:00','11:00:00',NULL,NULL,'12:50:00','12:50:00',3,3),(34,'gege','gege','Gegenous','Marta','gege99@gmail.com','085787328993','Universitas Nasional Pasim','Managemen Informatika','Cicendo','Bandung','11:00:00','12:50:00','12:50:00','11:00:00',NULL,NULL,'12:50:00','12:50:00',3,3),(35,'loki','loki','Dewantoro','Loki','lokidewantoro@gmail.com','085893894329','Universitas Nasional Pasim','Managemen Informatika','Cicendo','Bandung','11:00:00','12:50:00','12:50:00','11:00:00',NULL,NULL,'12:50:00','12:50:00',3,3),(36,'dini','dini','Diniamanata','r','diniamanata@gmail.com','085938984230','Universitas Nasional Pasim','Managemen Informatika','Cicendo','Bandung','11:00:00','12:50:00','12:50:00','11:00:00',NULL,NULL,'12:50:00','12:50:00',3,3),(37,'syarif','syarif','Syarif','Hidayatullah','syarifhidayat@gmail.com','089384200219','Universitas Nasional Pasim','Managemen Informatika','Cicendo','Bandung','11:00:00','12:50:00','12:50:00','11:00:00',NULL,NULL,'12:50:00','12:50:00',3,3),(38,'sania','sania','Samanta','Sania','saniasamanta@gmail.com','089392748273','Universitas Nasional Pasim','Managemen Informatika','Cicendo','Bandung','11:00:00','12:50:00','12:50:00','11:00:00',NULL,NULL,'12:50:00','12:50:00',3,3),(39,'olfie','olfie','Olfie','Doni Kusuma','olfiedonikusuma@gmail.com','081109010013','Universitas Nasional Pasim','Managemen Informatika','Cicendo','Bandung','11:00:00','12:50:00','12:50:00','11:00:00',NULL,NULL,'12:50:00','12:50:00',3,3),(40,'rudi','rudi','Rudi','hs','ruditabuti@gmail.com','089938249892','Universitas Nasional Pasim','Managemen Informatika','Cicendo','Bandung','11:00:00','12:50:00','12:50:00','11:00:00',NULL,NULL,'12:50:00','12:50:00',3,3),(41,'selly','meliana','Selly','Meliana','sellymeliana@gmail.con','0000009','pasim','MI','Kota Baru','Bandung','','','','','','','12:50:00','2018-08-02 19:41:48',2,1),(42,'eren','eren','Eren','Mikasa','ikhsanhikari29@gmail.com','0980980','Manuver','Gear','Se','Test',NULL,NULL,NULL,NULL,'8','Aya','2018-08-02 19:48:59','2018-08-02 19:48:59',1,0),(43,'dasiah','dasiah','Dasi','ah','dasiah@gmail.com','0980980','Pasim','Test','Test','Banyar',NULL,NULL,NULL,NULL,'99','Ga tau','2018-08-02 19:54:10','2018-08-02 19:54:10',3,0);

/*!40101 SET SQL_MODE=@OLD_SQL_MODE */;
/*!40014 SET FOREIGN_KEY_CHECKS=@OLD_FOREIGN_KEY_CHECKS */;
